user_id,target_role,skill_name,user_score,required_score,gap_percentage,importance_weight,months_to_master,learning_intensity
d68d076a-2f41-4248-9eb0-880a25fc172d,Data Scientist,Soil Health,55,90,35,2,2.3,LOW
d68d076a-2f41-4248-9eb0-880a25fc172d,Data Scientist,Crop Science,83,67,-16,5,0.0,ACHIEVED
d68d076a-2f41-4248-9eb0-880a25fc172d,Data Scientist,Irrigation Systems,7,84,77,3,7.7,HIGH
d68d076a-2f41-4248-9eb0-880a25fc172d,Data Scientist,Pest Control,17,80,63,3,6.3,HIGH
d68d076a-2f41-4248-9eb0-880a25fc172d,Data Scientist,Data Analysis,15,82,67,2,4.5,MEDIUM
d68d076a-2f41-4248-9eb0-880a25fc172d,Data Scientist,Precision Agriculture,3,85,82,3,8.2,HIGH
d68d076a-2f41-4248-9eb0-880a25fc172d,Data Scientist,IoT Sensors,53,66,13,2,1.0,LOW
d68d076a-2f41-4248-9eb0-880a25fc172d,Data Scientist,Farm Management,78,74,-4,1,0.0,ACHIEVED
d68d076a-2f41-4248-9eb0-880a25fc172d,Data Scientist,Python,11,63,52,2,3.5,MEDIUM
d68d076a-2f41-4248-9eb0-880a25fc172d,Data Scientist,Machine Learning,63,65,2,1,1.0,LOW
d68d076a-2f41-4248-9eb0-880a25fc172d,Data Scientist,SQL,33,83,50,2,3.3,MEDIUM
d68d076a-2f41-4248-9eb0-880a25fc172d,Data Scientist,React,75,77,2,3,1.0,LOW
d68d076a-2f41-4248-9eb0-880a25fc172d,Data Scientist,FastAPI,83,71,-12,5,0.0,ACHIEVED
8779be30-b846-4bb5-843e-415aa471fb52,Farm Manager,Soil Health,0,80,80,2,5.3,MEDIUM
8779be30-b846-4bb5-843e-415aa471fb52,Farm Manager,Crop Science,15,84,69,4,9.2,HIGH
8779be30-b846-4bb5-843e-415aa471fb52,Farm Manager,Irrigation Systems,89,78,-11,4,0.0,ACHIEVED
8779be30-b846-4bb5-843e-415aa471fb52,Farm Manager,Pest Control,89,75,-14,4,0.0,ACHIEVED
8779be30-b846-4bb5-843e-415aa471fb52,Farm Manager,Data Analysis,62,69,7,5,1.2,LOW
8779be30-b846-4bb5-843e-415aa471fb52,Farm Manager,Precision Agriculture,36,68,32,5,5.3,MEDIUM
8779be30-b846-4bb5-843e-415aa471fb52,Farm Manager,IoT Sensors,58,87,29,2,1.9,LOW
8779be30-b846-4bb5-843e-415aa471fb52,Farm Manager,Farm Management,86,87,1,4,1.0,LOW
8779be30-b846-4bb5-843e-415aa471fb52,Farm Manager,Python,22,83,61,3,6.1,HIGH
8779be30-b846-4bb5-843e-415aa471fb52,Farm Manager,Machine Learning,25,71,46,5,7.7,HIGH
8779be30-b846-4bb5-843e-415aa471fb52,Farm Manager,SQL,2,65,63,3,6.3,HIGH
8779be30-b846-4bb5-843e-415aa471fb52,Farm Manager,React,80,83,3,4,1.0,LOW
8779be30-b846-4bb5-843e-415aa471fb52,Farm Manager,FastAPI,68,86,18,5,3.0,LOW
c5780849-614d-4224-81f8-fdf76c4d15d2,Data Scientist,Soil Health,93,76,-17,5,0.0,ACHIEVED
c5780849-614d-4224-81f8-fdf76c4d15d2,Data Scientist,Crop Science,91,86,-5,3,0.0,ACHIEVED
c5780849-614d-4224-81f8-fdf76c4d15d2,Data Scientist,Irrigation Systems,34,90,56,3,5.6,MEDIUM
c5780849-614d-4224-81f8-fdf76c4d15d2,Data Scientist,Pest Control,69,82,13,5,2.2,LOW
c5780849-614d-4224-81f8-fdf76c4d15d2,Data Scientist,Data Analysis,18,74,56,5,9.3,HIGH
c5780849-614d-4224-81f8-fdf76c4d15d2,Data Scientist,Precision Agriculture,2,87,85,1,2.8,LOW
c5780849-614d-4224-81f8-fdf76c4d15d2,Data Scientist,IoT Sensors,80,86,6,2,1.0,LOW
c5780849-614d-4224-81f8-fdf76c4d15d2,Data Scientist,Farm Management,74,68,-6,5,0.0,ACHIEVED
c5780849-614d-4224-81f8-fdf76c4d15d2,Data Scientist,Python,3,70,67,1,2.2,LOW
c5780849-614d-4224-81f8-fdf76c4d15d2,Data Scientist,Machine Learning,45,64,19,1,1.0,LOW
c5780849-614d-4224-81f8-fdf76c4d15d2,Data Scientist,SQL,58,74,16,5,2.7,LOW
c5780849-614d-4224-81f8-fdf76c4d15d2,Data Scientist,React,64,68,4,1,1.0,LOW
c5780849-614d-4224-81f8-fdf76c4d15d2,Data Scientist,FastAPI,96,86,-10,5,0.0,ACHIEVED
9a54d8e5-6fec-428f-be1f-3a9553561164,Software Engineer,Soil Health,43,80,37,5,6.2,HIGH
9a54d8e5-6fec-428f-be1f-3a9553561164,Software Engineer,Crop Science,18,85,67,3,6.7,HIGH
9a54d8e5-6fec-428f-be1f-3a9553561164,Software Engineer,Irrigation Systems,45,62,17,5,2.8,LOW
9a54d8e5-6fec-428f-be1f-3a9553561164,Software Engineer,Pest Control,18,72,54,5,9.0,HIGH
9a54d8e5-6fec-428f-be1f-3a9553561164,Software Engineer,Data Analysis,90,71,-19,3,0.0,ACHIEVED
9a54d8e5-6fec-428f-be1f-3a9553561164,Software Engineer,Precision Agriculture,10,66,56,4,7.5,HIGH
9a54d8e5-6fec-428f-be1f-3a9553561164,Software Engineer,IoT Sensors,97,78,-19,1,0.0,ACHIEVED
9a54d8e5-6fec-428f-be1f-3a9553561164,Software Engineer,Farm Management,53,60,7,4,1.0,LOW
9a54d8e5-6fec-428f-be1f-3a9553561164,Software Engineer,Python,17,88,71,4,9.5,HIGH
9a54d8e5-6fec-428f-be1f-3a9553561164,Software Engineer,Machine Learning,2,63,61,2,4.1,MEDIUM
9a54d8e5-6fec-428f-be1f-3a9553561164,Software Engineer,SQL,92,82,-10,2,0.0,ACHIEVED
9a54d8e5-6fec-428f-be1f-3a9553561164,Software Engineer,React,26,72,46,3,4.6,MEDIUM
9a54d8e5-6fec-428f-be1f-3a9553561164,Software Engineer,FastAPI,35,60,25,1,1.0,LOW
0554566e-60f9-41cf-a22a-971738be49c9,ML Engineer,Soil Health,48,71,23,2,1.5,LOW
0554566e-60f9-41cf-a22a-971738be49c9,ML Engineer,Crop Science,89,77,-12,4,0.0,ACHIEVED
0554566e-60f9-41cf-a22a-971738be49c9,ML Engineer,Irrigation Systems,38,90,52,3,5.2,MEDIUM
0554566e-60f9-41cf-a22a-971738be49c9,ML Engineer,Pest Control,57,69,12,2,1.0,LOW
0554566e-60f9-41cf-a22a-971738be49c9,ML Engineer,Data Analysis,40,86,46,5,7.7,HIGH
0554566e-60f9-41cf-a22a-971738be49c9,ML Engineer,Precision Agriculture,78,63,-15,4,0.0,ACHIEVED
0554566e-60f9-41cf-a22a-971738be49c9,ML Engineer,IoT Sensors,74,70,-4,3,0.0,ACHIEVED
0554566e-60f9-41cf-a22a-971738be49c9,ML Engineer,Farm Management,49,72,23,1,1.0,LOW
0554566e-60f9-41cf-a22a-971738be49c9,ML Engineer,Python,37,81,44,2,2.9,LOW
0554566e-60f9-41cf-a22a-971738be49c9,ML Engineer,Machine Learning,88,88,0,3,0.0,ACHIEVED
0554566e-60f9-41cf-a22a-971738be49c9,ML Engineer,SQL,8,65,57,2,3.8,MEDIUM
0554566e-60f9-41cf-a22a-971738be49c9,ML Engineer,React,60,72,12,1,1.0,LOW
0554566e-60f9-41cf-a22a-971738be49c9,ML Engineer,FastAPI,11,84,73,2,4.9,MEDIUM
7447c88f-7546-49c0-9ac7-616438d70ae4,Software Engineer,Soil Health,29,60,31,1,1.0,LOW
7447c88f-7546-49c0-9ac7-616438d70ae4,Software Engineer,Crop Science,28,66,38,1,1.3,LOW
7447c88f-7546-49c0-9ac7-616438d70ae4,Software Engineer,Irrigation Systems,76,87,11,5,1.8,LOW
7447c88f-7546-49c0-9ac7-616438d70ae4,Software Engineer,Pest Control,32,63,31,1,1.0,LOW
7447c88f-7546-49c0-9ac7-616438d70ae4,Software Engineer,Data Analysis,91,80,-11,4,0.0,ACHIEVED
7447c88f-7546-49c0-9ac7-616438d70ae4,Software Engineer,Precision Agriculture,8,77,69,4,9.2,HIGH
7447c88f-7546-49c0-9ac7-616438d70ae4,Software Engineer,IoT Sensors,12,71,59,5,9.8,HIGH
7447c88f-7546-49c0-9ac7-616438d70ae4,Software Engineer,Farm Management,87,85,-2,5,0.0,ACHIEVED
7447c88f-7546-49c0-9ac7-616438d70ae4,Software Engineer,Python,50,88,38,4,5.1,MEDIUM
7447c88f-7546-49c0-9ac7-616438d70ae4,Software Engineer,Machine Learning,80,74,-6,4,0.0,ACHIEVED
7447c88f-7546-49c0-9ac7-616438d70ae4,Software Engineer,SQL,43,67,24,4,3.2,MEDIUM
7447c88f-7546-49c0-9ac7-616438d70ae4,Software Engineer,React,16,68,52,3,5.2,MEDIUM
7447c88f-7546-49c0-9ac7-616438d70ae4,Software Engineer,FastAPI,12,75,63,1,2.1,LOW
a04fa935-fa75-4c7f-8747-a2e33b343f2d,Agronomist,Soil Health,0,72,72,4,9.6,HIGH
a04fa935-fa75-4c7f-8747-a2e33b343f2d,Agronomist,Crop Science,34,60,26,2,1.7,LOW
a04fa935-fa75-4c7f-8747-a2e33b343f2d,Agronomist,Irrigation Systems,11,74,63,3,6.3,HIGH
a04fa935-fa75-4c7f-8747-a2e33b343f2d,Agronomist,Pest Control,38,67,29,5,4.8,MEDIUM
a04fa935-fa75-4c7f-8747-a2e33b343f2d,Agronomist,Data Analysis,97,71,-26,5,0.0,ACHIEVED
a04fa935-fa75-4c7f-8747-a2e33b343f2d,Agronomist,Precision Agriculture,76,81,5,1,1.0,LOW
a04fa935-fa75-4c7f-8747-a2e33b343f2d,Agronomist,IoT Sensors,23,88,65,1,2.2,LOW
a04fa935-fa75-4c7f-8747-a2e33b343f2d,Agronomist,Farm Management,39,61,22,1,1.0,LOW
a04fa935-fa75-4c7f-8747-a2e33b343f2d,Agronomist,Python,53,89,36,1,1.2,LOW
a04fa935-fa75-4c7f-8747-a2e33b343f2d,Agronomist,Machine Learning,62,66,4,4,1.0,LOW
a04fa935-fa75-4c7f-8747-a2e33b343f2d,Agronomist,SQL,28,68,40,5,6.7,HIGH
a04fa935-fa75-4c7f-8747-a2e33b343f2d,Agronomist,React,100,72,-28,1,0.0,ACHIEVED
a04fa935-fa75-4c7f-8747-a2e33b343f2d,Agronomist,FastAPI,32,69,37,3,3.7,MEDIUM
b31570f0-ab31-4188-9b82-c2c85859dd00,Software Engineer,Soil Health,89,67,-22,2,0.0,ACHIEVED
b31570f0-ab31-4188-9b82-c2c85859dd00,Software Engineer,Crop Science,92,65,-27,5,0.0,ACHIEVED
b31570f0-ab31-4188-9b82-c2c85859dd00,Software Engineer,Irrigation Systems,96,86,-10,2,0.0,ACHIEVED
b31570f0-ab31-4188-9b82-c2c85859dd00,Software Engineer,Pest Control,46,66,20,3,2.0,LOW
b31570f0-ab31-4188-9b82-c2c85859dd00,Software Engineer,Data Analysis,69,60,-9,4,0.0,ACHIEVED
b31570f0-ab31-4188-9b82-c2c85859dd00,Software Engineer,Precision Agriculture,90,67,-23,4,0.0,ACHIEVED
b31570f0-ab31-4188-9b82-c2c85859dd00,Software Engineer,IoT Sensors,19,68,49,5,8.2,HIGH
b31570f0-ab31-4188-9b82-c2c85859dd00,Software Engineer,Farm Management,68,62,-6,3,0.0,ACHIEVED
b31570f0-ab31-4188-9b82-c2c85859dd00,Software Engineer,Python,59,74,15,5,2.5,LOW
b31570f0-ab31-4188-9b82-c2c85859dd00,Software Engineer,Machine Learning,36,66,30,4,4.0,MEDIUM
b31570f0-ab31-4188-9b82-c2c85859dd00,Software Engineer,SQL,52,72,20,5,3.3,MEDIUM
b31570f0-ab31-4188-9b82-c2c85859dd00,Software Engineer,React,18,90,72,1,2.4,LOW
b31570f0-ab31-4188-9b82-c2c85859dd00,Software Engineer,FastAPI,65,70,5,3,1.0,LOW
53e81a62-b9da-4549-a6bb-fa78ec940dad,Farm Manager,Soil Health,66,73,7,1,1.0,LOW
53e81a62-b9da-4549-a6bb-fa78ec940dad,Farm Manager,Crop Science,27,81,54,2,3.6,MEDIUM
53e81a62-b9da-4549-a6bb-fa78ec940dad,Farm Manager,Irrigation Systems,93,65,-28,2,0.0,ACHIEVED
53e81a62-b9da-4549-a6bb-fa78ec940dad,Farm Manager,Pest Control,56,63,7,5,1.2,LOW
53e81a62-b9da-4549-a6bb-fa78ec940dad,Farm Manager,Data Analysis,26,61,35,3,3.5,MEDIUM
53e81a62-b9da-4549-a6bb-fa78ec940dad,Farm Manager,Precision Agriculture,70,87,17,4,2.3,LOW
53e81a62-b9da-4549-a6bb-fa78ec940dad,Farm Manager,IoT Sensors,77,74,-3,3,0.0,ACHIEVED
53e81a62-b9da-4549-a6bb-fa78ec940dad,Farm Manager,Farm Management,76,63,-13,3,0.0,ACHIEVED
53e81a62-b9da-4549-a6bb-fa78ec940dad,Farm Manager,Python,55,81,26,2,1.7,LOW
53e81a62-b9da-4549-a6bb-fa78ec940dad,Farm Manager,Machine Learning,36,70,34,5,5.7,MEDIUM
53e81a62-b9da-4549-a6bb-fa78ec940dad,Farm Manager,SQL,4,62,58,5,9.7,HIGH
53e81a62-b9da-4549-a6bb-fa78ec940dad,Farm Manager,React,95,89,-6,5,0.0,ACHIEVED
53e81a62-b9da-4549-a6bb-fa78ec940dad,Farm Manager,FastAPI,73,84,11,2,1.0,LOW
aa9ab27f-a808-4590-9dd7-b67d5e438f5c,Farm Manager,Soil Health,29,63,34,4,4.5,MEDIUM
aa9ab27f-a808-4590-9dd7-b67d5e438f5c,Farm Manager,Crop Science,55,64,9,5,1.5,LOW
aa9ab27f-a808-4590-9dd7-b67d5e438f5c,Farm Manager,Irrigation Systems,56,71,15,5,2.5,LOW
aa9ab27f-a808-4590-9dd7-b67d5e438f5c,Farm Manager,Pest Control,53,88,35,1,1.2,LOW
aa9ab27f-a808-4590-9dd7-b67d5e438f5c,Farm Manager,Data Analysis,7,66,59,5,9.8,HIGH
aa9ab27f-a808-4590-9dd7-b67d5e438f5c,Farm Manager,Precision Agriculture,90,72,-18,2,0.0,ACHIEVED
aa9ab27f-a808-4590-9dd7-b67d5e438f5c,Farm Manager,IoT Sensors,46,81,35,3,3.5,MEDIUM
aa9ab27f-a808-4590-9dd7-b67d5e438f5c,Farm Manager,Farm Management,46,70,24,4,3.2,MEDIUM
aa9ab27f-a808-4590-9dd7-b67d5e438f5c,Farm Manager,Python,69,70,1,2,1.0,LOW
aa9ab27f-a808-4590-9dd7-b67d5e438f5c,Farm Manager,Machine Learning,2,66,64,1,2.1,LOW
aa9ab27f-a808-4590-9dd7-b67d5e438f5c,Farm Manager,SQL,11,62,51,4,6.8,HIGH
aa9ab27f-a808-4590-9dd7-b67d5e438f5c,Farm Manager,React,10,89,79,4,10.5,HIGH
aa9ab27f-a808-4590-9dd7-b67d5e438f5c,Farm Manager,FastAPI,91,89,-2,3,0.0,ACHIEVED
fd60ba51-4093-48e8-89e2-26bd8a481d8f,Software Engineer,Soil Health,70,86,16,1,1.0,LOW
fd60ba51-4093-48e8-89e2-26bd8a481d8f,Software Engineer,Crop Science,89,61,-28,5,0.0,ACHIEVED
fd60ba51-4093-48e8-89e2-26bd8a481d8f,Software Engineer,Irrigation Systems,74,83,9,3,1.0,LOW
fd60ba51-4093-48e8-89e2-26bd8a481d8f,Software Engineer,Pest Control,96,85,-11,2,0.0,ACHIEVED
fd60ba51-4093-48e8-89e2-26bd8a481d8f,Software Engineer,Data Analysis,52,82,30,2,2.0,LOW
fd60ba51-4093-48e8-89e2-26bd8a481d8f,Software Engineer,Precision Agriculture,27,90,63,3,6.3,HIGH
fd60ba51-4093-48e8-89e2-26bd8a481d8f,Software Engineer,IoT Sensors,30,70,40,4,5.3,MEDIUM
fd60ba51-4093-48e8-89e2-26bd8a481d8f,Software Engineer,Farm Management,50,89,39,4,5.2,MEDIUM
fd60ba51-4093-48e8-89e2-26bd8a481d8f,Software Engineer,Python,43,64,21,5,3.5,MEDIUM
fd60ba51-4093-48e8-89e2-26bd8a481d8f,Software Engineer,Machine Learning,59,73,14,3,1.4,LOW
fd60ba51-4093-48e8-89e2-26bd8a481d8f,Software Engineer,SQL,81,89,8,4,1.1,LOW
fd60ba51-4093-48e8-89e2-26bd8a481d8f,Software Engineer,React,20,69,49,3,4.9,MEDIUM
fd60ba51-4093-48e8-89e2-26bd8a481d8f,Software Engineer,FastAPI,57,62,5,4,1.0,LOW
be5bd393-b998-49e7-bb15-08dd0dad8f0a,Data Scientist,Soil Health,90,79,-11,4,0.0,ACHIEVED
be5bd393-b998-49e7-bb15-08dd0dad8f0a,Data Scientist,Crop Science,26,71,45,3,4.5,MEDIUM
be5bd393-b998-49e7-bb15-08dd0dad8f0a,Data Scientist,Irrigation Systems,91,60,-31,2,0.0,ACHIEVED
be5bd393-b998-49e7-bb15-08dd0dad8f0a,Data Scientist,Pest Control,10,70,60,2,4.0,MEDIUM
be5bd393-b998-49e7-bb15-08dd0dad8f0a,Data Scientist,Data Analysis,72,84,12,4,1.6,LOW
be5bd393-b998-49e7-bb15-08dd0dad8f0a,Data Scientist,Precision Agriculture,100,65,-35,1,0.0,ACHIEVED
be5bd393-b998-49e7-bb15-08dd0dad8f0a,Data Scientist,IoT Sensors,37,70,33,1,1.1,LOW
be5bd393-b998-49e7-bb15-08dd0dad8f0a,Data Scientist,Farm Management,11,67,56,3,5.6,MEDIUM
be5bd393-b998-49e7-bb15-08dd0dad8f0a,Data Scientist,Python,37,89,52,5,8.7,HIGH
be5bd393-b998-49e7-bb15-08dd0dad8f0a,Data Scientist,Machine Learning,83,75,-8,1,0.0,ACHIEVED
be5bd393-b998-49e7-bb15-08dd0dad8f0a,Data Scientist,SQL,53,82,29,5,4.8,MEDIUM
be5bd393-b998-49e7-bb15-08dd0dad8f0a,Data Scientist,React,96,71,-25,5,0.0,ACHIEVED
be5bd393-b998-49e7-bb15-08dd0dad8f0a,Data Scientist,FastAPI,12,69,57,5,9.5,HIGH
7fc5d184-ac97-42b8-9785-b975d15f9f76,Farm Manager,Soil Health,83,66,-17,3,0.0,ACHIEVED
7fc5d184-ac97-42b8-9785-b975d15f9f76,Farm Manager,Crop Science,52,78,26,4,3.5,MEDIUM
7fc5d184-ac97-42b8-9785-b975d15f9f76,Farm Manager,Irrigation Systems,82,68,-14,2,0.0,ACHIEVED
7fc5d184-ac97-42b8-9785-b975d15f9f76,Farm Manager,Pest Control,77,62,-15,1,0.0,ACHIEVED
7fc5d184-ac97-42b8-9785-b975d15f9f76,Farm Manager,Data Analysis,91,89,-2,5,0.0,ACHIEVED
7fc5d184-ac97-42b8-9785-b975d15f9f76,Farm Manager,Precision Agriculture,25,67,42,2,2.8,LOW
7fc5d184-ac97-42b8-9785-b975d15f9f76,Farm Manager,IoT Sensors,42,82,40,5,6.7,HIGH
7fc5d184-ac97-42b8-9785-b975d15f9f76,Farm Manager,Farm Management,7,74,67,3,6.7,HIGH
7fc5d184-ac97-42b8-9785-b975d15f9f76,Farm Manager,Python,24,82,58,4,7.7,HIGH
7fc5d184-ac97-42b8-9785-b975d15f9f76,Farm Manager,Machine Learning,8,60,52,5,8.7,HIGH
7fc5d184-ac97-42b8-9785-b975d15f9f76,Farm Manager,SQL,57,66,9,1,1.0,LOW
7fc5d184-ac97-42b8-9785-b975d15f9f76,Farm Manager,React,38,75,37,5,6.2,HIGH
7fc5d184-ac97-42b8-9785-b975d15f9f76,Farm Manager,FastAPI,32,77,45,4,6.0,MEDIUM
9b3bc764-9f34-43d1-afd0-616a7d31fd44,Software Engineer,Soil Health,66,74,8,4,1.1,LOW
9b3bc764-9f34-43d1-afd0-616a7d31fd44,Software Engineer,Crop Science,49,75,26,3,2.6,LOW
9b3bc764-9f34-43d1-afd0-616a7d31fd44,Software Engineer,Irrigation Systems,20,60,40,5,6.7,HIGH
9b3bc764-9f34-43d1-afd0-616a7d31fd44,Software Engineer,Pest Control,18,90,72,3,7.2,HIGH
9b3bc764-9f34-43d1-afd0-616a7d31fd44,Software Engineer,Data Analysis,95,60,-35,2,0.0,ACHIEVED
9b3bc764-9f34-43d1-afd0-616a7d31fd44,Software Engineer,Precision Agriculture,49,85,36,4,4.8,MEDIUM
9b3bc764-9f34-43d1-afd0-616a7d31fd44,Software Engineer,IoT Sensors,84,85,1,5,1.0,LOW
9b3bc764-9f34-43d1-afd0-616a7d31fd44,Software Engineer,Farm Management,77,90,13,4,1.7,LOW
9b3bc764-9f34-43d1-afd0-616a7d31fd44,Software Engineer,Python,36,86,50,2,3.3,MEDIUM
9b3bc764-9f34-43d1-afd0-616a7d31fd44,Software Engineer,Machine Learning,0,88,88,5,14.7,HIGH
9b3bc764-9f34-43d1-afd0-616a7d31fd44,Software Engineer,SQL,100,80,-20,4,0.0,ACHIEVED
9b3bc764-9f34-43d1-afd0-616a7d31fd44,Software Engineer,React,0,86,86,4,11.5,HIGH
9b3bc764-9f34-43d1-afd0-616a7d31fd44,Software Engineer,FastAPI,99,89,-10,2,0.0,ACHIEVED
ab90a63b-28ae-470c-8a84-bc918c9968d6,Agronomist,Soil Health,6,89,83,1,2.8,LOW
ab90a63b-28ae-470c-8a84-bc918c9968d6,Agronomist,Crop Science,53,85,32,3,3.2,MEDIUM
ab90a63b-28ae-470c-8a84-bc918c9968d6,Agronomist,Irrigation Systems,75,77,2,2,1.0,LOW
ab90a63b-28ae-470c-8a84-bc918c9968d6,Agronomist,Pest Control,11,68,57,3,5.7,MEDIUM
ab90a63b-28ae-470c-8a84-bc918c9968d6,Agronomist,Data Analysis,7,66,59,3,5.9,MEDIUM
ab90a63b-28ae-470c-8a84-bc918c9968d6,Agronomist,Precision Agriculture,38,70,32,2,2.1,LOW
ab90a63b-28ae-470c-8a84-bc918c9968d6,Agronomist,IoT Sensors,50,80,30,2,2.0,LOW
ab90a63b-28ae-470c-8a84-bc918c9968d6,Agronomist,Farm Management,76,71,-5,1,0.0,ACHIEVED
ab90a63b-28ae-470c-8a84-bc918c9968d6,Agronomist,Python,77,83,6,4,1.0,LOW
ab90a63b-28ae-470c-8a84-bc918c9968d6,Agronomist,Machine Learning,38,75,37,4,4.9,MEDIUM
ab90a63b-28ae-470c-8a84-bc918c9968d6,Agronomist,SQL,33,89,56,1,1.9,LOW
ab90a63b-28ae-470c-8a84-bc918c9968d6,Agronomist,React,65,61,-4,3,0.0,ACHIEVED
ab90a63b-28ae-470c-8a84-bc918c9968d6,Agronomist,FastAPI,64,75,11,5,1.8,LOW
d44405b0-28a0-4844-a09b-77153f4e00c8,ML Engineer,Soil Health,85,69,-16,3,0.0,ACHIEVED
d44405b0-28a0-4844-a09b-77153f4e00c8,ML Engineer,Crop Science,88,74,-14,1,0.0,ACHIEVED
d44405b0-28a0-4844-a09b-77153f4e00c8,ML Engineer,Irrigation Systems,95,90,-5,2,0.0,ACHIEVED
d44405b0-28a0-4844-a09b-77153f4e00c8,ML Engineer,Pest Control,10,87,77,1,2.6,LOW
d44405b0-28a0-4844-a09b-77153f4e00c8,ML Engineer,Data Analysis,52,89,37,4,4.9,MEDIUM
d44405b0-28a0-4844-a09b-77153f4e00c8,ML Engineer,Precision Agriculture,21,72,51,1,1.7,LOW
d44405b0-28a0-4844-a09b-77153f4e00c8,ML Engineer,IoT Sensors,49,85,36,4,4.8,MEDIUM
d44405b0-28a0-4844-a09b-77153f4e00c8,ML Engineer,Farm Management,51,82,31,1,1.0,LOW
d44405b0-28a0-4844-a09b-77153f4e00c8,ML Engineer,Python,5,66,61,1,2.0,LOW
d44405b0-28a0-4844-a09b-77153f4e00c8,ML Engineer,Machine Learning,89,69,-20,3,0.0,ACHIEVED
d44405b0-28a0-4844-a09b-77153f4e00c8,ML Engineer,SQL,8,89,81,5,13.5,HIGH
d44405b0-28a0-4844-a09b-77153f4e00c8,ML Engineer,React,27,70,43,2,2.9,LOW
d44405b0-28a0-4844-a09b-77153f4e00c8,ML Engineer,FastAPI,41,90,49,5,8.2,HIGH
ec51ab3c-88b8-411d-8657-bc006ab038e6,ML Engineer,Soil Health,54,77,23,2,1.5,LOW
ec51ab3c-88b8-411d-8657-bc006ab038e6,ML Engineer,Crop Science,32,67,35,1,1.2,LOW
ec51ab3c-88b8-411d-8657-bc006ab038e6,ML Engineer,Irrigation Systems,39,76,37,3,3.7,MEDIUM
ec51ab3c-88b8-411d-8657-bc006ab038e6,ML Engineer,Pest Control,10,87,77,5,12.8,HIGH
ec51ab3c-88b8-411d-8657-bc006ab038e6,ML Engineer,Data Analysis,31,78,47,4,6.3,HIGH
ec51ab3c-88b8-411d-8657-bc006ab038e6,ML Engineer,Precision Agriculture,66,64,-2,1,0.0,ACHIEVED
ec51ab3c-88b8-411d-8657-bc006ab038e6,ML Engineer,IoT Sensors,40,62,22,4,2.9,LOW
ec51ab3c-88b8-411d-8657-bc006ab038e6,ML Engineer,Farm Management,16,72,56,3,5.6,MEDIUM
ec51ab3c-88b8-411d-8657-bc006ab038e6,ML Engineer,Python,32,73,41,2,2.7,LOW
ec51ab3c-88b8-411d-8657-bc006ab038e6,ML Engineer,Machine Learning,1,84,83,4,11.1,HIGH
ec51ab3c-88b8-411d-8657-bc006ab038e6,ML Engineer,SQL,3,78,75,2,5.0,MEDIUM
ec51ab3c-88b8-411d-8657-bc006ab038e6,ML Engineer,React,62,66,4,4,1.0,LOW
ec51ab3c-88b8-411d-8657-bc006ab038e6,ML Engineer,FastAPI,77,64,-13,1,0.0,ACHIEVED
cb1c3e3e-e914-41bc-aee5-9a839bf5cb6e,Data Scientist,Soil Health,61,73,12,5,2.0,LOW
cb1c3e3e-e914-41bc-aee5-9a839bf5cb6e,Data Scientist,Crop Science,89,83,-6,1,0.0,ACHIEVED
cb1c3e3e-e914-41bc-aee5-9a839bf5cb6e,Data Scientist,Irrigation Systems,34,69,35,3,3.5,MEDIUM
cb1c3e3e-e914-41bc-aee5-9a839bf5cb6e,Data Scientist,Pest Control,13,81,68,4,9.1,HIGH
cb1c3e3e-e914-41bc-aee5-9a839bf5cb6e,Data Scientist,Data Analysis,0,88,88,5,14.7,HIGH
cb1c3e3e-e914-41bc-aee5-9a839bf5cb6e,Data Scientist,Precision Agriculture,16,82,66,3,6.6,HIGH
cb1c3e3e-e914-41bc-aee5-9a839bf5cb6e,Data Scientist,IoT Sensors,19,88,69,1,2.3,LOW
cb1c3e3e-e914-41bc-aee5-9a839bf5cb6e,Data Scientist,Farm Management,89,73,-16,5,0.0,ACHIEVED
cb1c3e3e-e914-41bc-aee5-9a839bf5cb6e,Data Scientist,Python,79,76,-3,3,0.0,ACHIEVED
cb1c3e3e-e914-41bc-aee5-9a839bf5cb6e,Data Scientist,Machine Learning,98,67,-31,4,0.0,ACHIEVED
cb1c3e3e-e914-41bc-aee5-9a839bf5cb6e,Data Scientist,SQL,24,83,59,5,9.8,HIGH
cb1c3e3e-e914-41bc-aee5-9a839bf5cb6e,Data Scientist,React,61,76,15,5,2.5,LOW
cb1c3e3e-e914-41bc-aee5-9a839bf5cb6e,Data Scientist,FastAPI,67,82,15,4,2.0,LOW
1edf55dd-256b-4c8a-9b1e-4e92c1583dc9,Agronomist,Soil Health,44,90,46,3,4.6,MEDIUM
1edf55dd-256b-4c8a-9b1e-4e92c1583dc9,Agronomist,Crop Science,28,90,62,2,4.1,MEDIUM
1edf55dd-256b-4c8a-9b1e-4e92c1583dc9,Agronomist,Irrigation Systems,70,75,5,4,1.0,LOW
1edf55dd-256b-4c8a-9b1e-4e92c1583dc9,Agronomist,Pest Control,18,64,46,4,6.1,HIGH
1edf55dd-256b-4c8a-9b1e-4e92c1583dc9,Agronomist,Data Analysis,52,83,31,1,1.0,LOW
1edf55dd-256b-4c8a-9b1e-4e92c1583dc9,Agronomist,Precision Agriculture,35,81,46,2,3.1,MEDIUM
1edf55dd-256b-4c8a-9b1e-4e92c1583dc9,Agronomist,IoT Sensors,62,85,23,1,1.0,LOW
1edf55dd-256b-4c8a-9b1e-4e92c1583dc9,Agronomist,Farm Management,37,81,44,1,1.5,LOW
1edf55dd-256b-4c8a-9b1e-4e92c1583dc9,Agronomist,Python,92,67,-25,3,0.0,ACHIEVED
1edf55dd-256b-4c8a-9b1e-4e92c1583dc9,Agronomist,Machine Learning,8,81,73,5,12.2,HIGH
1edf55dd-256b-4c8a-9b1e-4e92c1583dc9,Agronomist,SQL,88,68,-20,1,0.0,ACHIEVED
1edf55dd-256b-4c8a-9b1e-4e92c1583dc9,Agronomist,React,35,67,32,2,2.1,LOW
1edf55dd-256b-4c8a-9b1e-4e92c1583dc9,Agronomist,FastAPI,34,75,41,2,2.7,LOW
079718ed-e68c-4119-98f1-60ed001e565c,ML Engineer,Soil Health,48,63,15,1,1.0,LOW
079718ed-e68c-4119-98f1-60ed001e565c,ML Engineer,Crop Science,71,61,-10,5,0.0,ACHIEVED
079718ed-e68c-4119-98f1-60ed001e565c,ML Engineer,Irrigation Systems,78,90,12,3,1.2,LOW
079718ed-e68c-4119-98f1-60ed001e565c,ML Engineer,Pest Control,22,67,45,4,6.0,MEDIUM
079718ed-e68c-4119-98f1-60ed001e565c,ML Engineer,Data Analysis,58,74,16,5,2.7,LOW
079718ed-e68c-4119-98f1-60ed001e565c,ML Engineer,Precision Agriculture,11,80,69,2,4.6,MEDIUM
079718ed-e68c-4119-98f1-60ed001e565c,ML Engineer,IoT Sensors,71,90,19,4,2.5,LOW
079718ed-e68c-4119-98f1-60ed001e565c,ML Engineer,Farm Management,85,86,1,5,1.0,LOW
079718ed-e68c-4119-98f1-60ed001e565c,ML Engineer,Python,20,64,44,3,4.4,MEDIUM
079718ed-e68c-4119-98f1-60ed001e565c,ML Engineer,Machine Learning,96,75,-21,1,0.0,ACHIEVED
079718ed-e68c-4119-98f1-60ed001e565c,ML Engineer,SQL,50,74,24,1,1.0,LOW
079718ed-e68c-4119-98f1-60ed001e565c,ML Engineer,React,72,86,14,2,1.0,LOW
079718ed-e68c-4119-98f1-60ed001e565c,ML Engineer,FastAPI,67,89,22,3,2.2,LOW
785a610f-f4d6-4939-a30f-cea2b6960754,ML Engineer,Soil Health,66,90,24,1,1.0,LOW
785a610f-f4d6-4939-a30f-cea2b6960754,ML Engineer,Crop Science,65,70,5,5,1.0,LOW
785a610f-f4d6-4939-a30f-cea2b6960754,ML Engineer,Irrigation Systems,57,60,3,4,1.0,LOW
785a610f-f4d6-4939-a30f-cea2b6960754,ML Engineer,Pest Control,72,82,10,4,1.3,LOW
785a610f-f4d6-4939-a30f-cea2b6960754,ML Engineer,Data Analysis,68,79,11,2,1.0,LOW
785a610f-f4d6-4939-a30f-cea2b6960754,ML Engineer,Precision Agriculture,87,67,-20,2,0.0,ACHIEVED
785a610f-f4d6-4939-a30f-cea2b6960754,ML Engineer,IoT Sensors,78,69,-9,3,0.0,ACHIEVED
785a610f-f4d6-4939-a30f-cea2b6960754,ML Engineer,Farm Management,67,80,13,3,1.3,LOW
785a610f-f4d6-4939-a30f-cea2b6960754,ML Engineer,Python,21,85,64,5,10.7,HIGH
785a610f-f4d6-4939-a30f-cea2b6960754,ML Engineer,Machine Learning,33,74,41,2,2.7,LOW
785a610f-f4d6-4939-a30f-cea2b6960754,ML Engineer,SQL,42,86,44,4,5.9,MEDIUM
785a610f-f4d6-4939-a30f-cea2b6960754,ML Engineer,React,22,78,56,3,5.6,MEDIUM
785a610f-f4d6-4939-a30f-cea2b6960754,ML Engineer,FastAPI,45,64,19,3,1.9,LOW
6a9ffb28-a0bd-43bd-811e-30ab2bc0ca6a,Agronomist,Soil Health,49,63,14,1,1.0,LOW
6a9ffb28-a0bd-43bd-811e-30ab2bc0ca6a,Agronomist,Crop Science,71,68,-3,1,0.0,ACHIEVED
6a9ffb28-a0bd-43bd-811e-30ab2bc0ca6a,Agronomist,Irrigation Systems,69,77,8,3,1.0,LOW
6a9ffb28-a0bd-43bd-811e-30ab2bc0ca6a,Agronomist,Pest Control,16,86,70,2,4.7,MEDIUM
6a9ffb28-a0bd-43bd-811e-30ab2bc0ca6a,Agronomist,Data Analysis,63,77,14,4,1.9,LOW
6a9ffb28-a0bd-43bd-811e-30ab2bc0ca6a,Agronomist,Precision Agriculture,16,82,66,4,8.8,HIGH
6a9ffb28-a0bd-43bd-811e-30ab2bc0ca6a,Agronomist,IoT Sensors,20,76,56,1,1.9,LOW
6a9ffb28-a0bd-43bd-811e-30ab2bc0ca6a,Agronomist,Farm Management,96,71,-25,3,0.0,ACHIEVED
6a9ffb28-a0bd-43bd-811e-30ab2bc0ca6a,Agronomist,Python,99,62,-37,5,0.0,ACHIEVED
6a9ffb28-a0bd-43bd-811e-30ab2bc0ca6a,Agronomist,Machine Learning,1,85,84,2,5.6,MEDIUM
6a9ffb28-a0bd-43bd-811e-30ab2bc0ca6a,Agronomist,SQL,53,74,21,5,3.5,MEDIUM
6a9ffb28-a0bd-43bd-811e-30ab2bc0ca6a,Agronomist,React,31,66,35,2,2.3,LOW
6a9ffb28-a0bd-43bd-811e-30ab2bc0ca6a,Agronomist,FastAPI,70,86,16,1,1.0,LOW
2769420e-08d5-48c2-99f4-ebf8f9d93bc5,Data Scientist,Soil Health,28,69,41,2,2.7,LOW
2769420e-08d5-48c2-99f4-ebf8f9d93bc5,Data Scientist,Crop Science,20,72,52,3,5.2,MEDIUM
2769420e-08d5-48c2-99f4-ebf8f9d93bc5,Data Scientist,Irrigation Systems,95,89,-6,5,0.0,ACHIEVED
2769420e-08d5-48c2-99f4-ebf8f9d93bc5,Data Scientist,Pest Control,55,71,16,2,1.1,LOW
2769420e-08d5-48c2-99f4-ebf8f9d93bc5,Data Scientist,Data Analysis,66,78,12,4,1.6,LOW
2769420e-08d5-48c2-99f4-ebf8f9d93bc5,Data Scientist,Precision Agriculture,93,61,-32,5,0.0,ACHIEVED
2769420e-08d5-48c2-99f4-ebf8f9d93bc5,Data Scientist,IoT Sensors,1,67,66,3,6.6,HIGH
2769420e-08d5-48c2-99f4-ebf8f9d93bc5,Data Scientist,Farm Management,10,89,79,2,5.3,MEDIUM
2769420e-08d5-48c2-99f4-ebf8f9d93bc5,Data Scientist,Python,61,71,10,1,1.0,LOW
2769420e-08d5-48c2-99f4-ebf8f9d93bc5,Data Scientist,Machine Learning,40,73,33,2,2.2,LOW
2769420e-08d5-48c2-99f4-ebf8f9d93bc5,Data Scientist,SQL,22,74,52,5,8.7,HIGH
2769420e-08d5-48c2-99f4-ebf8f9d93bc5,Data Scientist,React,29,71,42,3,4.2,MEDIUM
2769420e-08d5-48c2-99f4-ebf8f9d93bc5,Data Scientist,FastAPI,39,75,36,4,4.8,MEDIUM
fdd7c637-9e16-432c-ad54-55d5dd85ea72,Data Scientist,Soil Health,4,85,81,4,10.8,HIGH
fdd7c637-9e16-432c-ad54-55d5dd85ea72,Data Scientist,Crop Science,51,61,10,1,1.0,LOW
fdd7c637-9e16-432c-ad54-55d5dd85ea72,Data Scientist,Irrigation Systems,2,65,63,2,4.2,MEDIUM
fdd7c637-9e16-432c-ad54-55d5dd85ea72,Data Scientist,Pest Control,10,84,74,5,12.3,HIGH
fdd7c637-9e16-432c-ad54-55d5dd85ea72,Data Scientist,Data Analysis,38,66,28,1,1.0,LOW
fdd7c637-9e16-432c-ad54-55d5dd85ea72,Data Scientist,Precision Agriculture,35,74,39,1,1.3,LOW
fdd7c637-9e16-432c-ad54-55d5dd85ea72,Data Scientist,IoT Sensors,43,69,26,1,1.0,LOW
fdd7c637-9e16-432c-ad54-55d5dd85ea72,Data Scientist,Farm Management,82,68,-14,2,0.0,ACHIEVED
fdd7c637-9e16-432c-ad54-55d5dd85ea72,Data Scientist,Python,26,90,64,3,6.4,HIGH
fdd7c637-9e16-432c-ad54-55d5dd85ea72,Data Scientist,Machine Learning,10,67,57,1,1.9,LOW
fdd7c637-9e16-432c-ad54-55d5dd85ea72,Data Scientist,SQL,48,85,37,3,3.7,MEDIUM
fdd7c637-9e16-432c-ad54-55d5dd85ea72,Data Scientist,React,68,88,20,2,1.3,LOW
fdd7c637-9e16-432c-ad54-55d5dd85ea72,Data Scientist,FastAPI,29,89,60,1,2.0,LOW
a0b18279-6bca-425c-99c4-cf7d26122f53,Data Scientist,Soil Health,71,81,10,2,1.0,LOW
a0b18279-6bca-425c-99c4-cf7d26122f53,Data Scientist,Crop Science,57,87,30,2,2.0,LOW
a0b18279-6bca-425c-99c4-cf7d26122f53,Data Scientist,Irrigation Systems,18,84,66,1,2.2,LOW
a0b18279-6bca-425c-99c4-cf7d26122f53,Data Scientist,Pest Control,91,74,-17,4,0.0,ACHIEVED
a0b18279-6bca-425c-99c4-cf7d26122f53,Data Scientist,Data Analysis,49,60,11,2,1.0,LOW
a0b18279-6bca-425c-99c4-cf7d26122f53,Data Scientist,Precision Agriculture,34,60,26,4,3.5,MEDIUM
a0b18279-6bca-425c-99c4-cf7d26122f53,Data Scientist,IoT Sensors,27,66,39,3,3.9,MEDIUM
a0b18279-6bca-425c-99c4-cf7d26122f53,Data Scientist,Farm Management,58,81,23,4,3.1,MEDIUM
a0b18279-6bca-425c-99c4-cf7d26122f53,Data Scientist,Python,34,66,32,1,1.1,LOW
a0b18279-6bca-425c-99c4-cf7d26122f53,Data Scientist,Machine Learning,88,84,-4,3,0.0,ACHIEVED
a0b18279-6bca-425c-99c4-cf7d26122f53,Data Scientist,SQL,26,66,40,2,2.7,LOW
a0b18279-6bca-425c-99c4-cf7d26122f53,Data Scientist,React,78,67,-11,4,0.0,ACHIEVED
a0b18279-6bca-425c-99c4-cf7d26122f53,Data Scientist,FastAPI,41,84,43,2,2.9,LOW
627c1aac-8261-424d-a803-69b9bf156919,Farm Manager,Soil Health,6,64,58,3,5.8,MEDIUM
627c1aac-8261-424d-a803-69b9bf156919,Farm Manager,Crop Science,12,63,51,2,3.4,MEDIUM
627c1aac-8261-424d-a803-69b9bf156919,Farm Manager,Irrigation Systems,0,82,82,2,5.5,MEDIUM
627c1aac-8261-424d-a803-69b9bf156919,Farm Manager,Pest Control,95,89,-6,2,0.0,ACHIEVED
627c1aac-8261-424d-a803-69b9bf156919,Farm Manager,Data Analysis,46,65,19,2,1.3,LOW
627c1aac-8261-424d-a803-69b9bf156919,Farm Manager,Precision Agriculture,0,70,70,5,11.7,HIGH
627c1aac-8261-424d-a803-69b9bf156919,Farm Manager,IoT Sensors,75,63,-12,4,0.0,ACHIEVED
627c1aac-8261-424d-a803-69b9bf156919,Farm Manager,Farm Management,43,89,46,1,1.5,LOW
627c1aac-8261-424d-a803-69b9bf156919,Farm Manager,Python,6,77,71,3,7.1,HIGH
627c1aac-8261-424d-a803-69b9bf156919,Farm Manager,Machine Learning,53,67,14,3,1.4,LOW
627c1aac-8261-424d-a803-69b9bf156919,Farm Manager,SQL,34,68,34,2,2.3,LOW
627c1aac-8261-424d-a803-69b9bf156919,Farm Manager,React,60,73,13,4,1.7,LOW
627c1aac-8261-424d-a803-69b9bf156919,Farm Manager,FastAPI,14,63,49,3,4.9,MEDIUM
53faa2e3-7ca8-4731-a693-15591ba9956b,ML Engineer,Soil Health,34,71,37,2,2.5,LOW
53faa2e3-7ca8-4731-a693-15591ba9956b,ML Engineer,Crop Science,67,76,9,1,1.0,LOW
53faa2e3-7ca8-4731-a693-15591ba9956b,ML Engineer,Irrigation Systems,96,87,-9,2,0.0,ACHIEVED
53faa2e3-7ca8-4731-a693-15591ba9956b,ML Engineer,Pest Control,8,81,73,1,2.4,LOW
53faa2e3-7ca8-4731-a693-15591ba9956b,ML Engineer,Data Analysis,4,62,58,4,7.7,HIGH
53faa2e3-7ca8-4731-a693-15591ba9956b,ML Engineer,Precision Agriculture,29,72,43,5,7.2,HIGH
53faa2e3-7ca8-4731-a693-15591ba9956b,ML Engineer,IoT Sensors,71,74,3,1,1.0,LOW
53faa2e3-7ca8-4731-a693-15591ba9956b,ML Engineer,Farm Management,38,79,41,1,1.4,LOW
53faa2e3-7ca8-4731-a693-15591ba9956b,ML Engineer,Python,64,70,6,3,1.0,LOW
53faa2e3-7ca8-4731-a693-15591ba9956b,ML Engineer,Machine Learning,94,87,-7,2,0.0,ACHIEVED
53faa2e3-7ca8-4731-a693-15591ba9956b,ML Engineer,SQL,75,80,5,2,1.0,LOW
53faa2e3-7ca8-4731-a693-15591ba9956b,ML Engineer,React,11,77,66,1,2.2,LOW
53faa2e3-7ca8-4731-a693-15591ba9956b,ML Engineer,FastAPI,88,86,-2,1,0.0,ACHIEVED
0670d5e3-f680-406c-aab5-55cb3b4f51ba,Agronomist,Soil Health,94,82,-12,2,0.0,ACHIEVED
0670d5e3-f680-406c-aab5-55cb3b4f51ba,Agronomist,Crop Science,88,74,-14,2,0.0,ACHIEVED
0670d5e3-f680-406c-aab5-55cb3b4f51ba,Agronomist,Irrigation Systems,96,79,-17,2,0.0,ACHIEVED
0670d5e3-f680-406c-aab5-55cb3b4f51ba,Agronomist,Pest Control,19,69,50,5,8.3,HIGH
0670d5e3-f680-406c-aab5-55cb3b4f51ba,Agronomist,Data Analysis,60,64,4,5,1.0,LOW
0670d5e3-f680-406c-aab5-55cb3b4f51ba,Agronomist,Precision Agriculture,9,77,68,5,11.3,HIGH
0670d5e3-f680-406c-aab5-55cb3b4f51ba,Agronomist,IoT Sensors,44,74,30,4,4.0,MEDIUM
0670d5e3-f680-406c-aab5-55cb3b4f51ba,Agronomist,Farm Management,86,76,-10,3,0.0,ACHIEVED
0670d5e3-f680-406c-aab5-55cb3b4f51ba,Agronomist,Python,92,66,-26,5,0.0,ACHIEVED
0670d5e3-f680-406c-aab5-55cb3b4f51ba,Agronomist,Machine Learning,0,63,63,5,10.5,HIGH
0670d5e3-f680-406c-aab5-55cb3b4f51ba,Agronomist,SQL,16,64,48,4,6.4,HIGH
0670d5e3-f680-406c-aab5-55cb3b4f51ba,Agronomist,React,89,61,-28,1,0.0,ACHIEVED
0670d5e3-f680-406c-aab5-55cb3b4f51ba,Agronomist,FastAPI,59,65,6,1,1.0,LOW
2c74f5a1-5a03-4e67-9c59-dad9bff3613f,ML Engineer,Soil Health,17,89,72,5,12.0,HIGH
2c74f5a1-5a03-4e67-9c59-dad9bff3613f,ML Engineer,Crop Science,59,88,29,1,1.0,LOW
2c74f5a1-5a03-4e67-9c59-dad9bff3613f,ML Engineer,Irrigation Systems,13,69,56,2,3.7,MEDIUM
2c74f5a1-5a03-4e67-9c59-dad9bff3613f,ML Engineer,Pest Control,38,64,26,4,3.5,MEDIUM
2c74f5a1-5a03-4e67-9c59-dad9bff3613f,ML Engineer,Data Analysis,29,83,54,2,3.6,MEDIUM
2c74f5a1-5a03-4e67-9c59-dad9bff3613f,ML Engineer,Precision Agriculture,61,89,28,2,1.9,LOW
2c74f5a1-5a03-4e67-9c59-dad9bff3613f,ML Engineer,IoT Sensors,93,82,-11,2,0.0,ACHIEVED
2c74f5a1-5a03-4e67-9c59-dad9bff3613f,ML Engineer,Farm Management,43,63,20,5,3.3,MEDIUM
2c74f5a1-5a03-4e67-9c59-dad9bff3613f,ML Engineer,Python,17,81,64,1,2.1,LOW
2c74f5a1-5a03-4e67-9c59-dad9bff3613f,ML Engineer,Machine Learning,20,83,63,2,4.2,MEDIUM
2c74f5a1-5a03-4e67-9c59-dad9bff3613f,ML Engineer,SQL,58,63,5,3,1.0,LOW
2c74f5a1-5a03-4e67-9c59-dad9bff3613f,ML Engineer,React,47,62,15,2,1.0,LOW
2c74f5a1-5a03-4e67-9c59-dad9bff3613f,ML Engineer,FastAPI,22,67,45,3,4.5,MEDIUM
7fe47a80-6028-47e1-89b3-67bd03aa4c33,Farm Manager,Soil Health,67,85,18,4,2.4,LOW
7fe47a80-6028-47e1-89b3-67bd03aa4c33,Farm Manager,Crop Science,74,79,5,4,1.0,LOW
7fe47a80-6028-47e1-89b3-67bd03aa4c33,Farm Manager,Irrigation Systems,65,86,21,3,2.1,LOW
7fe47a80-6028-47e1-89b3-67bd03aa4c33,Farm Manager,Pest Control,8,66,58,3,5.8,MEDIUM
7fe47a80-6028-47e1-89b3-67bd03aa4c33,Farm Manager,Data Analysis,60,68,8,2,1.0,LOW
7fe47a80-6028-47e1-89b3-67bd03aa4c33,Farm Manager,Precision Agriculture,77,64,-13,2,0.0,ACHIEVED
7fe47a80-6028-47e1-89b3-67bd03aa4c33,Farm Manager,IoT Sensors,55,80,25,3,2.5,LOW
7fe47a80-6028-47e1-89b3-67bd03aa4c33,Farm Manager,Farm Management,82,83,1,1,1.0,LOW
7fe47a80-6028-47e1-89b3-67bd03aa4c33,Farm Manager,Python,61,64,3,3,1.0,LOW
7fe47a80-6028-47e1-89b3-67bd03aa4c33,Farm Manager,Machine Learning,75,79,4,4,1.0,LOW
7fe47a80-6028-47e1-89b3-67bd03aa4c33,Farm Manager,SQL,58,69,11,4,1.5,LOW
7fe47a80-6028-47e1-89b3-67bd03aa4c33,Farm Manager,React,90,75,-15,4,0.0,ACHIEVED
7fe47a80-6028-47e1-89b3-67bd03aa4c33,Farm Manager,FastAPI,92,89,-3,4,0.0,ACHIEVED
3c6104a4-205b-444e-a038-f86d5f75435b,Data Scientist,Soil Health,0,62,62,5,10.3,HIGH
3c6104a4-205b-444e-a038-f86d5f75435b,Data Scientist,Crop Science,90,87,-3,3,0.0,ACHIEVED
3c6104a4-205b-444e-a038-f86d5f75435b,Data Scientist,Irrigation Systems,98,71,-27,5,0.0,ACHIEVED
3c6104a4-205b-444e-a038-f86d5f75435b,Data Scientist,Pest Control,15,76,61,4,8.1,HIGH
3c6104a4-205b-444e-a038-f86d5f75435b,Data Scientist,Data Analysis,38,70,32,3,3.2,MEDIUM
3c6104a4-205b-444e-a038-f86d5f75435b,Data Scientist,Precision Agriculture,53,69,16,4,2.1,LOW
3c6104a4-205b-444e-a038-f86d5f75435b,Data Scientist,IoT Sensors,88,75,-13,5,0.0,ACHIEVED
3c6104a4-205b-444e-a038-f86d5f75435b,Data Scientist,Farm Management,100,84,-16,4,0.0,ACHIEVED
3c6104a4-205b-444e-a038-f86d5f75435b,Data Scientist,Python,31,75,44,2,2.9,LOW
3c6104a4-205b-444e-a038-f86d5f75435b,Data Scientist,Machine Learning,98,70,-28,5,0.0,ACHIEVED
3c6104a4-205b-444e-a038-f86d5f75435b,Data Scientist,SQL,99,77,-22,4,0.0,ACHIEVED
3c6104a4-205b-444e-a038-f86d5f75435b,Data Scientist,React,62,68,6,4,1.0,LOW
3c6104a4-205b-444e-a038-f86d5f75435b,Data Scientist,FastAPI,23,84,61,4,8.1,HIGH
07d320b5-5532-4613-85c2-9be27dc5b8f0,ML Engineer,Soil Health,54,63,9,1,1.0,LOW
07d320b5-5532-4613-85c2-9be27dc5b8f0,ML Engineer,Crop Science,80,78,-2,1,0.0,ACHIEVED
07d320b5-5532-4613-85c2-9be27dc5b8f0,ML Engineer,Irrigation Systems,1,68,67,2,4.5,MEDIUM
07d320b5-5532-4613-85c2-9be27dc5b8f0,ML Engineer,Pest Control,2,60,58,4,7.7,HIGH
07d320b5-5532-4613-85c2-9be27dc5b8f0,ML Engineer,Data Analysis,11,61,50,3,5.0,MEDIUM
07d320b5-5532-4613-85c2-9be27dc5b8f0,ML Engineer,Precision Agriculture,37,71,34,4,4.5,MEDIUM
07d320b5-5532-4613-85c2-9be27dc5b8f0,ML Engineer,IoT Sensors,2,75,73,1,2.4,LOW
07d320b5-5532-4613-85c2-9be27dc5b8f0,ML Engineer,Farm Management,79,78,-1,5,0.0,ACHIEVED
07d320b5-5532-4613-85c2-9be27dc5b8f0,ML Engineer,Python,3,78,75,1,2.5,LOW
07d320b5-5532-4613-85c2-9be27dc5b8f0,ML Engineer,Machine Learning,81,88,7,3,1.0,LOW
07d320b5-5532-4613-85c2-9be27dc5b8f0,ML Engineer,SQL,52,89,37,1,1.2,LOW
07d320b5-5532-4613-85c2-9be27dc5b8f0,ML Engineer,React,2,61,59,5,9.8,HIGH
07d320b5-5532-4613-85c2-9be27dc5b8f0,ML Engineer,FastAPI,37,67,30,5,5.0,MEDIUM
0906a413-c75e-452f-af01-acdebd5860c7,ML Engineer,Soil Health,30,83,53,1,1.8,LOW
0906a413-c75e-452f-af01-acdebd5860c7,ML Engineer,Crop Science,51,62,11,5,1.8,LOW
0906a413-c75e-452f-af01-acdebd5860c7,ML Engineer,Irrigation Systems,12,87,75,5,12.5,HIGH
0906a413-c75e-452f-af01-acdebd5860c7,ML Engineer,Pest Control,86,62,-24,2,0.0,ACHIEVED
0906a413-c75e-452f-af01-acdebd5860c7,ML Engineer,Data Analysis,71,89,18,4,2.4,LOW
0906a413-c75e-452f-af01-acdebd5860c7,ML Engineer,Precision Agriculture,50,73,23,2,1.5,LOW
0906a413-c75e-452f-af01-acdebd5860c7,ML Engineer,IoT Sensors,6,85,79,4,10.5,HIGH
0906a413-c75e-452f-af01-acdebd5860c7,ML Engineer,Farm Management,38,90,52,4,6.9,HIGH
0906a413-c75e-452f-af01-acdebd5860c7,ML Engineer,Python,69,77,8,3,1.0,LOW
0906a413-c75e-452f-af01-acdebd5860c7,ML Engineer,Machine Learning,81,74,-7,1,0.0,ACHIEVED
0906a413-c75e-452f-af01-acdebd5860c7,ML Engineer,SQL,4,66,62,5,10.3,HIGH
0906a413-c75e-452f-af01-acdebd5860c7,ML Engineer,React,64,69,5,1,1.0,LOW
0906a413-c75e-452f-af01-acdebd5860c7,ML Engineer,FastAPI,5,90,85,2,5.7,MEDIUM
174bee73-56d7-4d80-b940-fb38d8d0a4b2,Farm Manager,Soil Health,53,72,19,1,1.0,LOW
174bee73-56d7-4d80-b940-fb38d8d0a4b2,Farm Manager,Crop Science,59,79,20,4,2.7,LOW
174bee73-56d7-4d80-b940-fb38d8d0a4b2,Farm Manager,Irrigation Systems,23,77,54,5,9.0,HIGH
174bee73-56d7-4d80-b940-fb38d8d0a4b2,Farm Manager,Pest Control,50,83,33,5,5.5,MEDIUM
174bee73-56d7-4d80-b940-fb38d8d0a4b2,Farm Manager,Data Analysis,43,82,39,3,3.9,MEDIUM
174bee73-56d7-4d80-b940-fb38d8d0a4b2,Farm Manager,Precision Agriculture,41,89,48,2,3.2,MEDIUM
174bee73-56d7-4d80-b940-fb38d8d0a4b2,Farm Manager,IoT Sensors,23,65,42,3,4.2,MEDIUM
174bee73-56d7-4d80-b940-fb38d8d0a4b2,Farm Manager,Farm Management,85,69,-16,3,0.0,ACHIEVED
174bee73-56d7-4d80-b940-fb38d8d0a4b2,Farm Manager,Python,62,78,16,1,1.0,LOW
174bee73-56d7-4d80-b940-fb38d8d0a4b2,Farm Manager,Machine Learning,86,90,4,1,1.0,LOW
174bee73-56d7-4d80-b940-fb38d8d0a4b2,Farm Manager,SQL,38,70,32,4,4.3,MEDIUM
174bee73-56d7-4d80-b940-fb38d8d0a4b2,Farm Manager,React,10,90,80,2,5.3,MEDIUM
174bee73-56d7-4d80-b940-fb38d8d0a4b2,Farm Manager,FastAPI,60,74,14,3,1.4,LOW
b04963a0-8fc0-4262-9105-580fd754c503,Farm Manager,Soil Health,18,89,71,1,2.4,LOW
b04963a0-8fc0-4262-9105-580fd754c503,Farm Manager,Crop Science,16,63,47,5,7.8,HIGH
b04963a0-8fc0-4262-9105-580fd754c503,Farm Manager,Irrigation Systems,13,64,51,3,5.1,MEDIUM
b04963a0-8fc0-4262-9105-580fd754c503,Farm Manager,Pest Control,38,89,51,2,3.4,MEDIUM
b04963a0-8fc0-4262-9105-580fd754c503,Farm Manager,Data Analysis,64,64,0,4,0.0,ACHIEVED
b04963a0-8fc0-4262-9105-580fd754c503,Farm Manager,Precision Agriculture,52,77,25,4,3.3,MEDIUM
b04963a0-8fc0-4262-9105-580fd754c503,Farm Manager,IoT Sensors,55,82,27,5,4.5,MEDIUM
b04963a0-8fc0-4262-9105-580fd754c503,Farm Manager,Farm Management,80,86,6,3,1.0,LOW
b04963a0-8fc0-4262-9105-580fd754c503,Farm Manager,Python,69,66,-3,2,0.0,ACHIEVED
b04963a0-8fc0-4262-9105-580fd754c503,Farm Manager,Machine Learning,63,61,-2,4,0.0,ACHIEVED
b04963a0-8fc0-4262-9105-580fd754c503,Farm Manager,SQL,34,62,28,2,1.9,LOW
b04963a0-8fc0-4262-9105-580fd754c503,Farm Manager,React,50,66,16,4,2.1,LOW
b04963a0-8fc0-4262-9105-580fd754c503,Farm Manager,FastAPI,89,73,-16,2,0.0,ACHIEVED
9abb3f39-1caf-4ce6-b289-de7e1c0b6b26,Agronomist,Soil Health,74,62,-12,5,0.0,ACHIEVED
9abb3f39-1caf-4ce6-b289-de7e1c0b6b26,Agronomist,Crop Science,8,66,58,1,1.9,LOW
9abb3f39-1caf-4ce6-b289-de7e1c0b6b26,Agronomist,Irrigation Systems,77,75,-2,2,0.0,ACHIEVED
9abb3f39-1caf-4ce6-b289-de7e1c0b6b26,Agronomist,Pest Control,2,79,77,3,7.7,HIGH
9abb3f39-1caf-4ce6-b289-de7e1c0b6b26,Agronomist,Data Analysis,46,75,29,3,2.9,LOW
9abb3f39-1caf-4ce6-b289-de7e1c0b6b26,Agronomist,Precision Agriculture,7,75,68,4,9.1,HIGH
9abb3f39-1caf-4ce6-b289-de7e1c0b6b26,Agronomist,IoT Sensors,63,80,17,2,1.1,LOW
9abb3f39-1caf-4ce6-b289-de7e1c0b6b26,Agronomist,Farm Management,38,66,28,3,2.8,LOW
9abb3f39-1caf-4ce6-b289-de7e1c0b6b26,Agronomist,Python,37,69,32,5,5.3,MEDIUM
9abb3f39-1caf-4ce6-b289-de7e1c0b6b26,Agronomist,Machine Learning,10,74,64,5,10.7,HIGH
9abb3f39-1caf-4ce6-b289-de7e1c0b6b26,Agronomist,SQL,25,63,38,3,3.8,MEDIUM
9abb3f39-1caf-4ce6-b289-de7e1c0b6b26,Agronomist,React,41,64,23,2,1.5,LOW
9abb3f39-1caf-4ce6-b289-de7e1c0b6b26,Agronomist,FastAPI,61,64,3,1,1.0,LOW
1dee0ec4-785a-47ab-9be7-bd551c5f8393,Software Engineer,Soil Health,93,79,-14,1,0.0,ACHIEVED
1dee0ec4-785a-47ab-9be7-bd551c5f8393,Software Engineer,Crop Science,14,86,72,2,4.8,MEDIUM
1dee0ec4-785a-47ab-9be7-bd551c5f8393,Software Engineer,Irrigation Systems,20,78,58,3,5.8,MEDIUM
1dee0ec4-785a-47ab-9be7-bd551c5f8393,Software Engineer,Pest Control,29,74,45,4,6.0,MEDIUM
1dee0ec4-785a-47ab-9be7-bd551c5f8393,Software Engineer,Data Analysis,95,77,-18,3,0.0,ACHIEVED
1dee0ec4-785a-47ab-9be7-bd551c5f8393,Software Engineer,Precision Agriculture,12,87,75,5,12.5,HIGH
1dee0ec4-785a-47ab-9be7-bd551c5f8393,Software Engineer,IoT Sensors,81,77,-4,1,0.0,ACHIEVED
1dee0ec4-785a-47ab-9be7-bd551c5f8393,Software Engineer,Farm Management,61,62,1,3,1.0,LOW
1dee0ec4-785a-47ab-9be7-bd551c5f8393,Software Engineer,Python,71,80,9,1,1.0,LOW
1dee0ec4-785a-47ab-9be7-bd551c5f8393,Software Engineer,Machine Learning,43,64,21,4,2.8,LOW
1dee0ec4-785a-47ab-9be7-bd551c5f8393,Software Engineer,SQL,79,90,11,1,1.0,LOW
1dee0ec4-785a-47ab-9be7-bd551c5f8393,Software Engineer,React,82,77,-5,5,0.0,ACHIEVED
1dee0ec4-785a-47ab-9be7-bd551c5f8393,Software Engineer,FastAPI,44,73,29,4,3.9,MEDIUM
d46c21ae-0c27-4e35-aab7-9bba70d9babf,Farm Manager,Soil Health,75,84,9,4,1.2,LOW
d46c21ae-0c27-4e35-aab7-9bba70d9babf,Farm Manager,Crop Science,67,69,2,2,1.0,LOW
d46c21ae-0c27-4e35-aab7-9bba70d9babf,Farm Manager,Irrigation Systems,26,69,43,2,2.9,LOW
d46c21ae-0c27-4e35-aab7-9bba70d9babf,Farm Manager,Pest Control,6,73,67,4,8.9,HIGH
d46c21ae-0c27-4e35-aab7-9bba70d9babf,Farm Manager,Data Analysis,93,82,-11,4,0.0,ACHIEVED
d46c21ae-0c27-4e35-aab7-9bba70d9babf,Farm Manager,Precision Agriculture,4,80,76,1,2.5,LOW
d46c21ae-0c27-4e35-aab7-9bba70d9babf,Farm Manager,IoT Sensors,14,65,51,2,3.4,MEDIUM
d46c21ae-0c27-4e35-aab7-9bba70d9babf,Farm Manager,Farm Management,94,63,-31,5,0.0,ACHIEVED
d46c21ae-0c27-4e35-aab7-9bba70d9babf,Farm Manager,Python,75,90,15,5,2.5,LOW
d46c21ae-0c27-4e35-aab7-9bba70d9babf,Farm Manager,Machine Learning,1,89,88,2,5.9,MEDIUM
d46c21ae-0c27-4e35-aab7-9bba70d9babf,Farm Manager,SQL,6,85,79,5,13.2,HIGH
d46c21ae-0c27-4e35-aab7-9bba70d9babf,Farm Manager,React,55,75,20,4,2.7,LOW
d46c21ae-0c27-4e35-aab7-9bba70d9babf,Farm Manager,FastAPI,55,74,19,5,3.2,MEDIUM
19eaf65d-7f94-4b14-846e-9d9521012e26,Software Engineer,Soil Health,6,84,78,5,13.0,HIGH
19eaf65d-7f94-4b14-846e-9d9521012e26,Software Engineer,Crop Science,4,69,65,4,8.7,HIGH
19eaf65d-7f94-4b14-846e-9d9521012e26,Software Engineer,Irrigation Systems,96,75,-21,5,0.0,ACHIEVED
19eaf65d-7f94-4b14-846e-9d9521012e26,Software Engineer,Pest Control,91,78,-13,3,0.0,ACHIEVED
19eaf65d-7f94-4b14-846e-9d9521012e26,Software Engineer,Data Analysis,79,87,8,1,1.0,LOW
19eaf65d-7f94-4b14-846e-9d9521012e26,Software Engineer,Precision Agriculture,43,66,23,2,1.5,LOW
19eaf65d-7f94-4b14-846e-9d9521012e26,Software Engineer,IoT Sensors,60,81,21,1,1.0,LOW
19eaf65d-7f94-4b14-846e-9d9521012e26,Software Engineer,Farm Management,24,87,63,5,10.5,HIGH
19eaf65d-7f94-4b14-846e-9d9521012e26,Software Engineer,Python,38,69,31,3,3.1,MEDIUM
19eaf65d-7f94-4b14-846e-9d9521012e26,Software Engineer,Machine Learning,6,89,83,4,11.1,HIGH
19eaf65d-7f94-4b14-846e-9d9521012e26,Software Engineer,SQL,47,87,40,1,1.3,LOW
19eaf65d-7f94-4b14-846e-9d9521012e26,Software Engineer,React,63,68,5,5,1.0,LOW
19eaf65d-7f94-4b14-846e-9d9521012e26,Software Engineer,FastAPI,58,65,7,4,1.0,LOW
3ae549e2-16a5-4f3f-853c-44b04558fe80,ML Engineer,Soil Health,20,77,57,1,1.9,LOW
3ae549e2-16a5-4f3f-853c-44b04558fe80,ML Engineer,Crop Science,24,72,48,3,4.8,MEDIUM
3ae549e2-16a5-4f3f-853c-44b04558fe80,ML Engineer,Irrigation Systems,76,69,-7,5,0.0,ACHIEVED
3ae549e2-16a5-4f3f-853c-44b04558fe80,ML Engineer,Pest Control,25,88,63,4,8.4,HIGH
3ae549e2-16a5-4f3f-853c-44b04558fe80,ML Engineer,Data Analysis,76,79,3,1,1.0,LOW
3ae549e2-16a5-4f3f-853c-44b04558fe80,ML Engineer,Precision Agriculture,64,72,8,2,1.0,LOW
3ae549e2-16a5-4f3f-853c-44b04558fe80,ML Engineer,IoT Sensors,46,79,33,5,5.5,MEDIUM
3ae549e2-16a5-4f3f-853c-44b04558fe80,ML Engineer,Farm Management,46,65,19,5,3.2,MEDIUM
3ae549e2-16a5-4f3f-853c-44b04558fe80,ML Engineer,Python,73,89,16,4,2.1,LOW
3ae549e2-16a5-4f3f-853c-44b04558fe80,ML Engineer,Machine Learning,89,87,-2,1,0.0,ACHIEVED
3ae549e2-16a5-4f3f-853c-44b04558fe80,ML Engineer,SQL,55,63,8,1,1.0,LOW
3ae549e2-16a5-4f3f-853c-44b04558fe80,ML Engineer,React,21,88,67,5,11.2,HIGH
3ae549e2-16a5-4f3f-853c-44b04558fe80,ML Engineer,FastAPI,58,62,4,4,1.0,LOW
ac9a5b8b-4b4c-48cb-9e09-5d85e1d39536,Software Engineer,Soil Health,91,77,-14,4,0.0,ACHIEVED
ac9a5b8b-4b4c-48cb-9e09-5d85e1d39536,Software Engineer,Crop Science,79,66,-13,1,0.0,ACHIEVED
ac9a5b8b-4b4c-48cb-9e09-5d85e1d39536,Software Engineer,Irrigation Systems,61,82,21,4,2.8,LOW
ac9a5b8b-4b4c-48cb-9e09-5d85e1d39536,Software Engineer,Pest Control,31,79,48,1,1.6,LOW
ac9a5b8b-4b4c-48cb-9e09-5d85e1d39536,Software Engineer,Data Analysis,47,64,17,2,1.1,LOW
ac9a5b8b-4b4c-48cb-9e09-5d85e1d39536,Software Engineer,Precision Agriculture,42,79,37,1,1.2,LOW
ac9a5b8b-4b4c-48cb-9e09-5d85e1d39536,Software Engineer,IoT Sensors,97,63,-34,5,0.0,ACHIEVED
ac9a5b8b-4b4c-48cb-9e09-5d85e1d39536,Software Engineer,Farm Management,28,78,50,5,8.3,HIGH
ac9a5b8b-4b4c-48cb-9e09-5d85e1d39536,Software Engineer,Python,86,86,0,5,0.0,ACHIEVED
ac9a5b8b-4b4c-48cb-9e09-5d85e1d39536,Software Engineer,Machine Learning,53,64,11,4,1.5,LOW
ac9a5b8b-4b4c-48cb-9e09-5d85e1d39536,Software Engineer,SQL,17,60,43,2,2.9,LOW
ac9a5b8b-4b4c-48cb-9e09-5d85e1d39536,Software Engineer,React,95,75,-20,5,0.0,ACHIEVED
ac9a5b8b-4b4c-48cb-9e09-5d85e1d39536,Software Engineer,FastAPI,40,72,32,2,2.1,LOW
6d1c92e1-bcb4-4066-8fb4-d37dbe1b4359,ML Engineer,Soil Health,49,62,13,1,1.0,LOW
6d1c92e1-bcb4-4066-8fb4-d37dbe1b4359,ML Engineer,Crop Science,80,69,-11,2,0.0,ACHIEVED
6d1c92e1-bcb4-4066-8fb4-d37dbe1b4359,ML Engineer,Irrigation Systems,84,61,-23,1,0.0,ACHIEVED
6d1c92e1-bcb4-4066-8fb4-d37dbe1b4359,ML Engineer,Pest Control,52,79,27,4,3.6,MEDIUM
6d1c92e1-bcb4-4066-8fb4-d37dbe1b4359,ML Engineer,Data Analysis,27,84,57,4,7.6,HIGH
6d1c92e1-bcb4-4066-8fb4-d37dbe1b4359,ML Engineer,Precision Agriculture,4,80,76,4,10.1,HIGH
6d1c92e1-bcb4-4066-8fb4-d37dbe1b4359,ML Engineer,IoT Sensors,81,81,0,5,0.0,ACHIEVED
6d1c92e1-bcb4-4066-8fb4-d37dbe1b4359,ML Engineer,Farm Management,50,68,18,1,1.0,LOW
6d1c92e1-bcb4-4066-8fb4-d37dbe1b4359,ML Engineer,Python,51,81,30,1,1.0,LOW
6d1c92e1-bcb4-4066-8fb4-d37dbe1b4359,ML Engineer,Machine Learning,73,83,10,4,1.3,LOW
6d1c92e1-bcb4-4066-8fb4-d37dbe1b4359,ML Engineer,SQL,65,67,2,2,1.0,LOW
6d1c92e1-bcb4-4066-8fb4-d37dbe1b4359,ML Engineer,React,63,75,12,1,1.0,LOW
6d1c92e1-bcb4-4066-8fb4-d37dbe1b4359,ML Engineer,FastAPI,82,78,-4,3,0.0,ACHIEVED
2c88ed07-1d5d-46f6-a949-9d17d601093c,ML Engineer,Soil Health,93,83,-10,4,0.0,ACHIEVED
2c88ed07-1d5d-46f6-a949-9d17d601093c,ML Engineer,Crop Science,46,67,21,3,2.1,LOW
2c88ed07-1d5d-46f6-a949-9d17d601093c,ML Engineer,Irrigation Systems,68,81,13,5,2.2,LOW
2c88ed07-1d5d-46f6-a949-9d17d601093c,ML Engineer,Pest Control,40,72,32,4,4.3,MEDIUM
2c88ed07-1d5d-46f6-a949-9d17d601093c,ML Engineer,Data Analysis,100,73,-27,3,0.0,ACHIEVED
2c88ed07-1d5d-46f6-a949-9d17d601093c,ML Engineer,Precision Agriculture,50,68,18,3,1.8,LOW
2c88ed07-1d5d-46f6-a949-9d17d601093c,ML Engineer,IoT Sensors,61,80,19,4,2.5,LOW
2c88ed07-1d5d-46f6-a949-9d17d601093c,ML Engineer,Farm Management,79,90,11,2,1.0,LOW
2c88ed07-1d5d-46f6-a949-9d17d601093c,ML Engineer,Python,85,72,-13,5,0.0,ACHIEVED
2c88ed07-1d5d-46f6-a949-9d17d601093c,ML Engineer,Machine Learning,80,79,-1,5,0.0,ACHIEVED
2c88ed07-1d5d-46f6-a949-9d17d601093c,ML Engineer,SQL,93,90,-3,2,0.0,ACHIEVED
2c88ed07-1d5d-46f6-a949-9d17d601093c,ML Engineer,React,94,90,-4,3,0.0,ACHIEVED
2c88ed07-1d5d-46f6-a949-9d17d601093c,ML Engineer,FastAPI,84,87,3,3,1.0,LOW
970b062a-023a-4138-ae70-620011bbffef,Farm Manager,Soil Health,98,81,-17,2,0.0,ACHIEVED
970b062a-023a-4138-ae70-620011bbffef,Farm Manager,Crop Science,56,66,10,4,1.3,LOW
970b062a-023a-4138-ae70-620011bbffef,Farm Manager,Irrigation Systems,27,90,63,3,6.3,HIGH
970b062a-023a-4138-ae70-620011bbffef,Farm Manager,Pest Control,44,77,33,3,3.3,MEDIUM
970b062a-023a-4138-ae70-620011bbffef,Farm Manager,Data Analysis,92,61,-31,5,0.0,ACHIEVED
970b062a-023a-4138-ae70-620011bbffef,Farm Manager,Precision Agriculture,33,62,29,1,1.0,LOW
970b062a-023a-4138-ae70-620011bbffef,Farm Manager,IoT Sensors,53,85,32,2,2.1,LOW
970b062a-023a-4138-ae70-620011bbffef,Farm Manager,Farm Management,42,81,39,2,2.6,LOW
970b062a-023a-4138-ae70-620011bbffef,Farm Manager,Python,52,69,17,1,1.0,LOW
970b062a-023a-4138-ae70-620011bbffef,Farm Manager,Machine Learning,16,73,57,2,3.8,MEDIUM
970b062a-023a-4138-ae70-620011bbffef,Farm Manager,SQL,60,85,25,5,4.2,MEDIUM
970b062a-023a-4138-ae70-620011bbffef,Farm Manager,React,20,60,40,2,2.7,LOW
970b062a-023a-4138-ae70-620011bbffef,Farm Manager,FastAPI,27,64,37,4,4.9,MEDIUM
33184ea0-1363-4fe6-950b-9bcf426d707b,Software Engineer,Soil Health,35,73,38,2,2.5,LOW
33184ea0-1363-4fe6-950b-9bcf426d707b,Software Engineer,Crop Science,5,69,64,3,6.4,HIGH
33184ea0-1363-4fe6-950b-9bcf426d707b,Software Engineer,Irrigation Systems,63,63,0,4,0.0,ACHIEVED
33184ea0-1363-4fe6-950b-9bcf426d707b,Software Engineer,Pest Control,27,69,42,3,4.2,MEDIUM
33184ea0-1363-4fe6-950b-9bcf426d707b,Software Engineer,Data Analysis,56,62,6,3,1.0,LOW
33184ea0-1363-4fe6-950b-9bcf426d707b,Software Engineer,Precision Agriculture,35,71,36,1,1.2,LOW
33184ea0-1363-4fe6-950b-9bcf426d707b,Software Engineer,IoT Sensors,39,82,43,1,1.4,LOW
33184ea0-1363-4fe6-950b-9bcf426d707b,Software Engineer,Farm Management,35,82,47,2,3.1,MEDIUM
33184ea0-1363-4fe6-950b-9bcf426d707b,Software Engineer,Python,64,78,14,2,1.0,LOW
33184ea0-1363-4fe6-950b-9bcf426d707b,Software Engineer,Machine Learning,55,68,13,2,1.0,LOW
33184ea0-1363-4fe6-950b-9bcf426d707b,Software Engineer,SQL,100,61,-39,4,0.0,ACHIEVED
33184ea0-1363-4fe6-950b-9bcf426d707b,Software Engineer,React,78,78,0,4,0.0,ACHIEVED
33184ea0-1363-4fe6-950b-9bcf426d707b,Software Engineer,FastAPI,2,79,77,1,2.6,LOW
e563f7a5-8607-412e-b931-d416881427fb,Software Engineer,Soil Health,31,80,49,2,3.3,MEDIUM
e563f7a5-8607-412e-b931-d416881427fb,Software Engineer,Crop Science,33,89,56,3,5.6,MEDIUM
e563f7a5-8607-412e-b931-d416881427fb,Software Engineer,Irrigation Systems,89,77,-12,5,0.0,ACHIEVED
e563f7a5-8607-412e-b931-d416881427fb,Software Engineer,Pest Control,41,82,41,3,4.1,MEDIUM
e563f7a5-8607-412e-b931-d416881427fb,Software Engineer,Data Analysis,65,79,14,4,1.9,LOW
e563f7a5-8607-412e-b931-d416881427fb,Software Engineer,Precision Agriculture,65,76,11,3,1.1,LOW
e563f7a5-8607-412e-b931-d416881427fb,Software Engineer,IoT Sensors,24,65,41,4,5.5,MEDIUM
e563f7a5-8607-412e-b931-d416881427fb,Software Engineer,Farm Management,50,84,34,1,1.1,LOW
e563f7a5-8607-412e-b931-d416881427fb,Software Engineer,Python,14,71,57,5,9.5,HIGH
e563f7a5-8607-412e-b931-d416881427fb,Software Engineer,Machine Learning,31,67,36,1,1.2,LOW
e563f7a5-8607-412e-b931-d416881427fb,Software Engineer,SQL,94,81,-13,3,0.0,ACHIEVED
e563f7a5-8607-412e-b931-d416881427fb,Software Engineer,React,14,83,69,4,9.2,HIGH
e563f7a5-8607-412e-b931-d416881427fb,Software Engineer,FastAPI,94,81,-13,4,0.0,ACHIEVED
fffddb26-e3ed-4fd4-8ce4-b237903e4b7d,Data Scientist,Soil Health,44,74,30,4,4.0,MEDIUM
fffddb26-e3ed-4fd4-8ce4-b237903e4b7d,Data Scientist,Crop Science,96,60,-36,3,0.0,ACHIEVED
fffddb26-e3ed-4fd4-8ce4-b237903e4b7d,Data Scientist,Irrigation Systems,68,82,14,2,1.0,LOW
fffddb26-e3ed-4fd4-8ce4-b237903e4b7d,Data Scientist,Pest Control,86,87,1,5,1.0,LOW
fffddb26-e3ed-4fd4-8ce4-b237903e4b7d,Data Scientist,Data Analysis,33,67,34,5,5.7,MEDIUM
fffddb26-e3ed-4fd4-8ce4-b237903e4b7d,Data Scientist,Precision Agriculture,2,81,79,3,7.9,HIGH
fffddb26-e3ed-4fd4-8ce4-b237903e4b7d,Data Scientist,IoT Sensors,95,66,-29,1,0.0,ACHIEVED
fffddb26-e3ed-4fd4-8ce4-b237903e4b7d,Data Scientist,Farm Management,93,81,-12,4,0.0,ACHIEVED
fffddb26-e3ed-4fd4-8ce4-b237903e4b7d,Data Scientist,Python,14,73,59,4,7.9,HIGH
fffddb26-e3ed-4fd4-8ce4-b237903e4b7d,Data Scientist,Machine Learning,84,90,6,1,1.0,LOW
fffddb26-e3ed-4fd4-8ce4-b237903e4b7d,Data Scientist,SQL,95,64,-31,4,0.0,ACHIEVED
fffddb26-e3ed-4fd4-8ce4-b237903e4b7d,Data Scientist,React,80,69,-11,1,0.0,ACHIEVED
fffddb26-e3ed-4fd4-8ce4-b237903e4b7d,Data Scientist,FastAPI,27,78,51,3,5.1,MEDIUM
dc3b89be-9797-4db7-870c-59d47938fca1,Software Engineer,Soil Health,39,88,49,4,6.5,HIGH
dc3b89be-9797-4db7-870c-59d47938fca1,Software Engineer,Crop Science,17,72,55,3,5.5,MEDIUM
dc3b89be-9797-4db7-870c-59d47938fca1,Software Engineer,Irrigation Systems,88,84,-4,4,0.0,ACHIEVED
dc3b89be-9797-4db7-870c-59d47938fca1,Software Engineer,Pest Control,28,86,58,3,5.8,MEDIUM
dc3b89be-9797-4db7-870c-59d47938fca1,Software Engineer,Data Analysis,71,61,-10,4,0.0,ACHIEVED
dc3b89be-9797-4db7-870c-59d47938fca1,Software Engineer,Precision Agriculture,8,84,76,4,10.1,HIGH
dc3b89be-9797-4db7-870c-59d47938fca1,Software Engineer,IoT Sensors,62,74,12,5,2.0,LOW
dc3b89be-9797-4db7-870c-59d47938fca1,Software Engineer,Farm Management,29,82,53,1,1.8,LOW
dc3b89be-9797-4db7-870c-59d47938fca1,Software Engineer,Python,62,81,19,1,1.0,LOW
dc3b89be-9797-4db7-870c-59d47938fca1,Software Engineer,Machine Learning,53,78,25,4,3.3,MEDIUM
dc3b89be-9797-4db7-870c-59d47938fca1,Software Engineer,SQL,4,87,83,5,13.8,HIGH
dc3b89be-9797-4db7-870c-59d47938fca1,Software Engineer,React,18,89,71,4,9.5,HIGH
dc3b89be-9797-4db7-870c-59d47938fca1,Software Engineer,FastAPI,87,71,-16,5,0.0,ACHIEVED
b7c7cc6e-9b43-4281-aae5-e5a6fabca758,Farm Manager,Soil Health,6,67,61,2,4.1,MEDIUM
b7c7cc6e-9b43-4281-aae5-e5a6fabca758,Farm Manager,Crop Science,6,72,66,4,8.8,HIGH
b7c7cc6e-9b43-4281-aae5-e5a6fabca758,Farm Manager,Irrigation Systems,40,88,48,2,3.2,MEDIUM
b7c7cc6e-9b43-4281-aae5-e5a6fabca758,Farm Manager,Pest Control,69,72,3,5,1.0,LOW
b7c7cc6e-9b43-4281-aae5-e5a6fabca758,Farm Manager,Data Analysis,52,80,28,5,4.7,MEDIUM
b7c7cc6e-9b43-4281-aae5-e5a6fabca758,Farm Manager,Precision Agriculture,58,90,32,2,2.1,LOW
b7c7cc6e-9b43-4281-aae5-e5a6fabca758,Farm Manager,IoT Sensors,84,88,4,5,1.0,LOW
b7c7cc6e-9b43-4281-aae5-e5a6fabca758,Farm Manager,Farm Management,64,62,-2,2,0.0,ACHIEVED
b7c7cc6e-9b43-4281-aae5-e5a6fabca758,Farm Manager,Python,61,89,28,3,2.8,LOW
b7c7cc6e-9b43-4281-aae5-e5a6fabca758,Farm Manager,Machine Learning,45,60,15,4,2.0,LOW
b7c7cc6e-9b43-4281-aae5-e5a6fabca758,Farm Manager,SQL,38,82,44,3,4.4,MEDIUM
b7c7cc6e-9b43-4281-aae5-e5a6fabca758,Farm Manager,React,12,66,54,4,7.2,HIGH
b7c7cc6e-9b43-4281-aae5-e5a6fabca758,Farm Manager,FastAPI,68,79,11,5,1.8,LOW
bb691e03-1f7a-4785-80d4-f918bd2b2a38,Data Scientist,Soil Health,19,67,48,5,8.0,HIGH
bb691e03-1f7a-4785-80d4-f918bd2b2a38,Data Scientist,Crop Science,24,61,37,2,2.5,LOW
bb691e03-1f7a-4785-80d4-f918bd2b2a38,Data Scientist,Irrigation Systems,26,87,61,4,8.1,HIGH
bb691e03-1f7a-4785-80d4-f918bd2b2a38,Data Scientist,Pest Control,28,83,55,1,1.8,LOW
bb691e03-1f7a-4785-80d4-f918bd2b2a38,Data Scientist,Data Analysis,42,74,32,5,5.3,MEDIUM
bb691e03-1f7a-4785-80d4-f918bd2b2a38,Data Scientist,Precision Agriculture,51,89,38,4,5.1,MEDIUM
bb691e03-1f7a-4785-80d4-f918bd2b2a38,Data Scientist,IoT Sensors,42,80,38,1,1.3,LOW
bb691e03-1f7a-4785-80d4-f918bd2b2a38,Data Scientist,Farm Management,43,61,18,3,1.8,LOW
bb691e03-1f7a-4785-80d4-f918bd2b2a38,Data Scientist,Python,15,68,53,3,5.3,MEDIUM
bb691e03-1f7a-4785-80d4-f918bd2b2a38,Data Scientist,Machine Learning,73,72,-1,5,0.0,ACHIEVED
bb691e03-1f7a-4785-80d4-f918bd2b2a38,Data Scientist,SQL,20,81,61,1,2.0,LOW
bb691e03-1f7a-4785-80d4-f918bd2b2a38,Data Scientist,React,79,63,-16,3,0.0,ACHIEVED
bb691e03-1f7a-4785-80d4-f918bd2b2a38,Data Scientist,FastAPI,37,84,47,3,4.7,MEDIUM
103f3dd3-0e75-45b0-849c-90297db43e35,Agronomist,Soil Health,16,77,61,2,4.1,MEDIUM
103f3dd3-0e75-45b0-849c-90297db43e35,Agronomist,Crop Science,23,66,43,3,4.3,MEDIUM
103f3dd3-0e75-45b0-849c-90297db43e35,Agronomist,Irrigation Systems,56,83,27,3,2.7,LOW
103f3dd3-0e75-45b0-849c-90297db43e35,Agronomist,Pest Control,81,72,-9,5,0.0,ACHIEVED
103f3dd3-0e75-45b0-849c-90297db43e35,Agronomist,Data Analysis,10,62,52,5,8.7,HIGH
103f3dd3-0e75-45b0-849c-90297db43e35,Agronomist,Precision Agriculture,23,80,57,2,3.8,MEDIUM
103f3dd3-0e75-45b0-849c-90297db43e35,Agronomist,IoT Sensors,93,73,-20,3,0.0,ACHIEVED
103f3dd3-0e75-45b0-849c-90297db43e35,Agronomist,Farm Management,6,78,72,5,12.0,HIGH
103f3dd3-0e75-45b0-849c-90297db43e35,Agronomist,Python,75,69,-6,4,0.0,ACHIEVED
103f3dd3-0e75-45b0-849c-90297db43e35,Agronomist,Machine Learning,33,69,36,1,1.2,LOW
103f3dd3-0e75-45b0-849c-90297db43e35,Agronomist,SQL,44,81,37,1,1.2,LOW
103f3dd3-0e75-45b0-849c-90297db43e35,Agronomist,React,26,60,34,2,2.3,LOW
103f3dd3-0e75-45b0-849c-90297db43e35,Agronomist,FastAPI,27,83,56,2,3.7,MEDIUM
7667f1a0-b16d-40e3-b416-42926de57484,ML Engineer,Soil Health,30,78,48,5,8.0,HIGH
7667f1a0-b16d-40e3-b416-42926de57484,ML Engineer,Crop Science,79,68,-11,3,0.0,ACHIEVED
7667f1a0-b16d-40e3-b416-42926de57484,ML Engineer,Irrigation Systems,82,76,-6,4,0.0,ACHIEVED
7667f1a0-b16d-40e3-b416-42926de57484,ML Engineer,Pest Control,56,89,33,5,5.5,MEDIUM
7667f1a0-b16d-40e3-b416-42926de57484,ML Engineer,Data Analysis,1,74,73,4,9.7,HIGH
7667f1a0-b16d-40e3-b416-42926de57484,ML Engineer,Precision Agriculture,60,69,9,5,1.5,LOW
7667f1a0-b16d-40e3-b416-42926de57484,ML Engineer,IoT Sensors,94,90,-4,3,0.0,ACHIEVED
7667f1a0-b16d-40e3-b416-42926de57484,ML Engineer,Farm Management,36,74,38,1,1.3,LOW
7667f1a0-b16d-40e3-b416-42926de57484,ML Engineer,Python,99,75,-24,1,0.0,ACHIEVED
7667f1a0-b16d-40e3-b416-42926de57484,ML Engineer,Machine Learning,3,64,61,2,4.1,MEDIUM
7667f1a0-b16d-40e3-b416-42926de57484,ML Engineer,SQL,40,79,39,2,2.6,LOW
7667f1a0-b16d-40e3-b416-42926de57484,ML Engineer,React,20,72,52,5,8.7,HIGH
7667f1a0-b16d-40e3-b416-42926de57484,ML Engineer,FastAPI,1,73,72,2,4.8,MEDIUM
f3ad3526-5e7c-44f1-9532-facaa395ca46,Farm Manager,Soil Health,39,81,42,4,5.6,MEDIUM
f3ad3526-5e7c-44f1-9532-facaa395ca46,Farm Manager,Crop Science,59,88,29,4,3.9,MEDIUM
f3ad3526-5e7c-44f1-9532-facaa395ca46,Farm Manager,Irrigation Systems,44,85,41,1,1.4,LOW
f3ad3526-5e7c-44f1-9532-facaa395ca46,Farm Manager,Pest Control,29,89,60,2,4.0,MEDIUM
f3ad3526-5e7c-44f1-9532-facaa395ca46,Farm Manager,Data Analysis,18,78,60,5,10.0,HIGH
f3ad3526-5e7c-44f1-9532-facaa395ca46,Farm Manager,Precision Agriculture,28,67,39,4,5.2,MEDIUM
f3ad3526-5e7c-44f1-9532-facaa395ca46,Farm Manager,IoT Sensors,81,70,-11,4,0.0,ACHIEVED
f3ad3526-5e7c-44f1-9532-facaa395ca46,Farm Manager,Farm Management,40,85,45,3,4.5,MEDIUM
f3ad3526-5e7c-44f1-9532-facaa395ca46,Farm Manager,Python,87,67,-20,2,0.0,ACHIEVED
f3ad3526-5e7c-44f1-9532-facaa395ca46,Farm Manager,Machine Learning,61,64,3,2,1.0,LOW
f3ad3526-5e7c-44f1-9532-facaa395ca46,Farm Manager,SQL,26,82,56,2,3.7,MEDIUM
f3ad3526-5e7c-44f1-9532-facaa395ca46,Farm Manager,React,100,88,-12,5,0.0,ACHIEVED
f3ad3526-5e7c-44f1-9532-facaa395ca46,Farm Manager,FastAPI,84,90,6,4,1.0,LOW
6a8451d2-85fd-4233-9b9e-d8f3729298ff,Data Scientist,Soil Health,42,74,32,1,1.1,LOW
6a8451d2-85fd-4233-9b9e-d8f3729298ff,Data Scientist,Crop Science,100,66,-34,1,0.0,ACHIEVED
6a8451d2-85fd-4233-9b9e-d8f3729298ff,Data Scientist,Irrigation Systems,63,62,-1,1,0.0,ACHIEVED
6a8451d2-85fd-4233-9b9e-d8f3729298ff,Data Scientist,Pest Control,20,64,44,3,4.4,MEDIUM
6a8451d2-85fd-4233-9b9e-d8f3729298ff,Data Scientist,Data Analysis,95,79,-16,4,0.0,ACHIEVED
6a8451d2-85fd-4233-9b9e-d8f3729298ff,Data Scientist,Precision Agriculture,45,68,23,5,3.8,MEDIUM
6a8451d2-85fd-4233-9b9e-d8f3729298ff,Data Scientist,IoT Sensors,70,60,-10,3,0.0,ACHIEVED
6a8451d2-85fd-4233-9b9e-d8f3729298ff,Data Scientist,Farm Management,70,78,8,2,1.0,LOW
6a8451d2-85fd-4233-9b9e-d8f3729298ff,Data Scientist,Python,51,78,27,1,1.0,LOW
6a8451d2-85fd-4233-9b9e-d8f3729298ff,Data Scientist,Machine Learning,7,73,66,2,4.4,MEDIUM
6a8451d2-85fd-4233-9b9e-d8f3729298ff,Data Scientist,SQL,35,86,51,2,3.4,MEDIUM
6a8451d2-85fd-4233-9b9e-d8f3729298ff,Data Scientist,React,60,62,2,2,1.0,LOW
6a8451d2-85fd-4233-9b9e-d8f3729298ff,Data Scientist,FastAPI,51,83,32,2,2.1,LOW
b537f00f-890c-4aa3-af0e-bfa80e412330,Farm Manager,Soil Health,72,88,16,5,2.7,LOW
b537f00f-890c-4aa3-af0e-bfa80e412330,Farm Manager,Crop Science,74,79,5,2,1.0,LOW
b537f00f-890c-4aa3-af0e-bfa80e412330,Farm Manager,Irrigation Systems,12,82,70,3,7.0,HIGH
b537f00f-890c-4aa3-af0e-bfa80e412330,Farm Manager,Pest Control,58,63,5,3,1.0,LOW
b537f00f-890c-4aa3-af0e-bfa80e412330,Farm Manager,Data Analysis,37,61,24,5,4.0,MEDIUM
b537f00f-890c-4aa3-af0e-bfa80e412330,Farm Manager,Precision Agriculture,28,89,61,4,8.1,HIGH
b537f00f-890c-4aa3-af0e-bfa80e412330,Farm Manager,IoT Sensors,93,69,-24,3,0.0,ACHIEVED
b537f00f-890c-4aa3-af0e-bfa80e412330,Farm Manager,Farm Management,47,84,37,1,1.2,LOW
b537f00f-890c-4aa3-af0e-bfa80e412330,Farm Manager,Python,48,70,22,3,2.2,LOW
b537f00f-890c-4aa3-af0e-bfa80e412330,Farm Manager,Machine Learning,5,63,58,4,7.7,HIGH
b537f00f-890c-4aa3-af0e-bfa80e412330,Farm Manager,SQL,36,68,32,5,5.3,MEDIUM
b537f00f-890c-4aa3-af0e-bfa80e412330,Farm Manager,React,59,83,24,5,4.0,MEDIUM
b537f00f-890c-4aa3-af0e-bfa80e412330,Farm Manager,FastAPI,23,65,42,3,4.2,MEDIUM
0ab1b88b-9ba0-4bdf-b0a9-5e4459d846ca,Data Scientist,Soil Health,86,70,-16,2,0.0,ACHIEVED
0ab1b88b-9ba0-4bdf-b0a9-5e4459d846ca,Data Scientist,Crop Science,25,68,43,4,5.7,MEDIUM
0ab1b88b-9ba0-4bdf-b0a9-5e4459d846ca,Data Scientist,Irrigation Systems,72,66,-6,4,0.0,ACHIEVED
0ab1b88b-9ba0-4bdf-b0a9-5e4459d846ca,Data Scientist,Pest Control,52,77,25,4,3.3,MEDIUM
0ab1b88b-9ba0-4bdf-b0a9-5e4459d846ca,Data Scientist,Data Analysis,32,77,45,1,1.5,LOW
0ab1b88b-9ba0-4bdf-b0a9-5e4459d846ca,Data Scientist,Precision Agriculture,84,90,6,4,1.0,LOW
0ab1b88b-9ba0-4bdf-b0a9-5e4459d846ca,Data Scientist,IoT Sensors,97,67,-30,3,0.0,ACHIEVED
0ab1b88b-9ba0-4bdf-b0a9-5e4459d846ca,Data Scientist,Farm Management,2,76,74,4,9.9,HIGH
0ab1b88b-9ba0-4bdf-b0a9-5e4459d846ca,Data Scientist,Python,94,76,-18,5,0.0,ACHIEVED
0ab1b88b-9ba0-4bdf-b0a9-5e4459d846ca,Data Scientist,Machine Learning,30,87,57,2,3.8,MEDIUM
0ab1b88b-9ba0-4bdf-b0a9-5e4459d846ca,Data Scientist,SQL,13,66,53,5,8.8,HIGH
0ab1b88b-9ba0-4bdf-b0a9-5e4459d846ca,Data Scientist,React,62,76,14,4,1.9,LOW
0ab1b88b-9ba0-4bdf-b0a9-5e4459d846ca,Data Scientist,FastAPI,25,65,40,5,6.7,HIGH
b3da05d3-ef82-4a21-a18b-a20495d8814c,Data Scientist,Soil Health,51,60,9,1,1.0,LOW
b3da05d3-ef82-4a21-a18b-a20495d8814c,Data Scientist,Crop Science,90,62,-28,1,0.0,ACHIEVED
b3da05d3-ef82-4a21-a18b-a20495d8814c,Data Scientist,Irrigation Systems,2,76,74,1,2.5,LOW
b3da05d3-ef82-4a21-a18b-a20495d8814c,Data Scientist,Pest Control,4,73,69,2,4.6,MEDIUM
b3da05d3-ef82-4a21-a18b-a20495d8814c,Data Scientist,Data Analysis,58,76,18,1,1.0,LOW
b3da05d3-ef82-4a21-a18b-a20495d8814c,Data Scientist,Precision Agriculture,92,64,-28,5,0.0,ACHIEVED
b3da05d3-ef82-4a21-a18b-a20495d8814c,Data Scientist,IoT Sensors,26,61,35,2,2.3,LOW
b3da05d3-ef82-4a21-a18b-a20495d8814c,Data Scientist,Farm Management,78,63,-15,1,0.0,ACHIEVED
b3da05d3-ef82-4a21-a18b-a20495d8814c,Data Scientist,Python,5,88,83,5,13.8,HIGH
b3da05d3-ef82-4a21-a18b-a20495d8814c,Data Scientist,Machine Learning,47,85,38,5,6.3,HIGH
b3da05d3-ef82-4a21-a18b-a20495d8814c,Data Scientist,SQL,68,84,16,1,1.0,LOW
b3da05d3-ef82-4a21-a18b-a20495d8814c,Data Scientist,React,25,61,36,4,4.8,MEDIUM
b3da05d3-ef82-4a21-a18b-a20495d8814c,Data Scientist,FastAPI,48,88,40,1,1.3,LOW
005638f2-cb3d-4ce2-9735-292c17c19bcf,Agronomist,Soil Health,41,87,46,4,6.1,HIGH
005638f2-cb3d-4ce2-9735-292c17c19bcf,Agronomist,Crop Science,18,74,56,3,5.6,MEDIUM
005638f2-cb3d-4ce2-9735-292c17c19bcf,Agronomist,Irrigation Systems,96,90,-6,1,0.0,ACHIEVED
005638f2-cb3d-4ce2-9735-292c17c19bcf,Agronomist,Pest Control,10,65,55,4,7.3,HIGH
005638f2-cb3d-4ce2-9735-292c17c19bcf,Agronomist,Data Analysis,97,77,-20,1,0.0,ACHIEVED
005638f2-cb3d-4ce2-9735-292c17c19bcf,Agronomist,Precision Agriculture,90,79,-11,4,0.0,ACHIEVED
005638f2-cb3d-4ce2-9735-292c17c19bcf,Agronomist,IoT Sensors,65,87,22,3,2.2,LOW
005638f2-cb3d-4ce2-9735-292c17c19bcf,Agronomist,Farm Management,45,89,44,2,2.9,LOW
005638f2-cb3d-4ce2-9735-292c17c19bcf,Agronomist,Python,65,85,20,4,2.7,LOW
005638f2-cb3d-4ce2-9735-292c17c19bcf,Agronomist,Machine Learning,46,68,22,5,3.7,MEDIUM
005638f2-cb3d-4ce2-9735-292c17c19bcf,Agronomist,SQL,45,75,30,5,5.0,MEDIUM
005638f2-cb3d-4ce2-9735-292c17c19bcf,Agronomist,React,66,68,2,1,1.0,LOW
005638f2-cb3d-4ce2-9735-292c17c19bcf,Agronomist,FastAPI,91,70,-21,3,0.0,ACHIEVED
f40b1ebd-0537-4e87-98d7-a232772bd91e,Data Scientist,Soil Health,40,84,44,1,1.5,LOW
f40b1ebd-0537-4e87-98d7-a232772bd91e,Data Scientist,Crop Science,11,64,53,5,8.8,HIGH
f40b1ebd-0537-4e87-98d7-a232772bd91e,Data Scientist,Irrigation Systems,67,77,10,3,1.0,LOW
f40b1ebd-0537-4e87-98d7-a232772bd91e,Data Scientist,Pest Control,48,87,39,3,3.9,MEDIUM
f40b1ebd-0537-4e87-98d7-a232772bd91e,Data Scientist,Data Analysis,60,78,18,1,1.0,LOW
f40b1ebd-0537-4e87-98d7-a232772bd91e,Data Scientist,Precision Agriculture,0,81,81,1,2.7,LOW
f40b1ebd-0537-4e87-98d7-a232772bd91e,Data Scientist,IoT Sensors,78,80,2,3,1.0,LOW
f40b1ebd-0537-4e87-98d7-a232772bd91e,Data Scientist,Farm Management,33,85,52,1,1.7,LOW
f40b1ebd-0537-4e87-98d7-a232772bd91e,Data Scientist,Python,25,67,42,5,7.0,HIGH
f40b1ebd-0537-4e87-98d7-a232772bd91e,Data Scientist,Machine Learning,80,67,-13,2,0.0,ACHIEVED
f40b1ebd-0537-4e87-98d7-a232772bd91e,Data Scientist,SQL,54,85,31,1,1.0,LOW
f40b1ebd-0537-4e87-98d7-a232772bd91e,Data Scientist,React,34,85,51,1,1.7,LOW
f40b1ebd-0537-4e87-98d7-a232772bd91e,Data Scientist,FastAPI,74,70,-4,3,0.0,ACHIEVED
5afb3f40-af6d-4017-b2ce-39bdfc72475c,Agronomist,Soil Health,72,81,9,4,1.2,LOW
5afb3f40-af6d-4017-b2ce-39bdfc72475c,Agronomist,Crop Science,52,76,24,2,1.6,LOW
5afb3f40-af6d-4017-b2ce-39bdfc72475c,Agronomist,Irrigation Systems,42,60,18,4,2.4,LOW
5afb3f40-af6d-4017-b2ce-39bdfc72475c,Agronomist,Pest Control,95,61,-34,2,0.0,ACHIEVED
5afb3f40-af6d-4017-b2ce-39bdfc72475c,Agronomist,Data Analysis,6,71,65,4,8.7,HIGH
5afb3f40-af6d-4017-b2ce-39bdfc72475c,Agronomist,Precision Agriculture,8,88,80,1,2.7,LOW
5afb3f40-af6d-4017-b2ce-39bdfc72475c,Agronomist,IoT Sensors,97,65,-32,4,0.0,ACHIEVED
5afb3f40-af6d-4017-b2ce-39bdfc72475c,Agronomist,Farm Management,70,72,2,3,1.0,LOW
5afb3f40-af6d-4017-b2ce-39bdfc72475c,Agronomist,Python,30,75,45,3,4.5,MEDIUM
5afb3f40-af6d-4017-b2ce-39bdfc72475c,Agronomist,Machine Learning,35,74,39,2,2.6,LOW
5afb3f40-af6d-4017-b2ce-39bdfc72475c,Agronomist,SQL,33,86,53,3,5.3,MEDIUM
5afb3f40-af6d-4017-b2ce-39bdfc72475c,Agronomist,React,88,77,-11,5,0.0,ACHIEVED
5afb3f40-af6d-4017-b2ce-39bdfc72475c,Agronomist,FastAPI,54,73,19,2,1.3,LOW
a8bc808a-4ab8-44c7-bca8-4e5d7b39f8ce,Data Scientist,Soil Health,90,77,-13,3,0.0,ACHIEVED
a8bc808a-4ab8-44c7-bca8-4e5d7b39f8ce,Data Scientist,Crop Science,100,66,-34,1,0.0,ACHIEVED
a8bc808a-4ab8-44c7-bca8-4e5d7b39f8ce,Data Scientist,Irrigation Systems,61,87,26,1,1.0,LOW
a8bc808a-4ab8-44c7-bca8-4e5d7b39f8ce,Data Scientist,Pest Control,54,67,13,3,1.3,LOW
a8bc808a-4ab8-44c7-bca8-4e5d7b39f8ce,Data Scientist,Data Analysis,15,76,61,4,8.1,HIGH
a8bc808a-4ab8-44c7-bca8-4e5d7b39f8ce,Data Scientist,Precision Agriculture,60,80,20,2,1.3,LOW
a8bc808a-4ab8-44c7-bca8-4e5d7b39f8ce,Data Scientist,IoT Sensors,98,88,-10,2,0.0,ACHIEVED
a8bc808a-4ab8-44c7-bca8-4e5d7b39f8ce,Data Scientist,Farm Management,26,73,47,2,3.1,MEDIUM
a8bc808a-4ab8-44c7-bca8-4e5d7b39f8ce,Data Scientist,Python,25,77,52,4,6.9,HIGH
a8bc808a-4ab8-44c7-bca8-4e5d7b39f8ce,Data Scientist,Machine Learning,88,81,-7,3,0.0,ACHIEVED
a8bc808a-4ab8-44c7-bca8-4e5d7b39f8ce,Data Scientist,SQL,56,72,16,4,2.1,LOW
a8bc808a-4ab8-44c7-bca8-4e5d7b39f8ce,Data Scientist,React,39,73,34,3,3.4,MEDIUM
a8bc808a-4ab8-44c7-bca8-4e5d7b39f8ce,Data Scientist,FastAPI,90,70,-20,3,0.0,ACHIEVED
4e651c60-74ab-4442-bddc-fda297510ff2,Farm Manager,Soil Health,51,85,34,5,5.7,MEDIUM
4e651c60-74ab-4442-bddc-fda297510ff2,Farm Manager,Crop Science,53,82,29,4,3.9,MEDIUM
4e651c60-74ab-4442-bddc-fda297510ff2,Farm Manager,Irrigation Systems,26,67,41,4,5.5,MEDIUM
4e651c60-74ab-4442-bddc-fda297510ff2,Farm Manager,Pest Control,54,64,10,3,1.0,LOW
4e651c60-74ab-4442-bddc-fda297510ff2,Farm Manager,Data Analysis,18,78,60,5,10.0,HIGH
4e651c60-74ab-4442-bddc-fda297510ff2,Farm Manager,Precision Agriculture,5,86,81,2,5.4,MEDIUM
4e651c60-74ab-4442-bddc-fda297510ff2,Farm Manager,IoT Sensors,77,75,-2,4,0.0,ACHIEVED
4e651c60-74ab-4442-bddc-fda297510ff2,Farm Manager,Farm Management,81,83,2,3,1.0,LOW
4e651c60-74ab-4442-bddc-fda297510ff2,Farm Manager,Python,60,86,26,4,3.5,MEDIUM
4e651c60-74ab-4442-bddc-fda297510ff2,Farm Manager,Machine Learning,22,74,52,3,5.2,MEDIUM
4e651c60-74ab-4442-bddc-fda297510ff2,Farm Manager,SQL,15,78,63,3,6.3,HIGH
4e651c60-74ab-4442-bddc-fda297510ff2,Farm Manager,React,16,76,60,2,4.0,MEDIUM
4e651c60-74ab-4442-bddc-fda297510ff2,Farm Manager,FastAPI,60,70,10,1,1.0,LOW
3ffbd4d1-c949-4a7a-85ee-fc041b247a72,Agronomist,Soil Health,19,62,43,3,4.3,MEDIUM
3ffbd4d1-c949-4a7a-85ee-fc041b247a72,Agronomist,Crop Science,96,69,-27,4,0.0,ACHIEVED
3ffbd4d1-c949-4a7a-85ee-fc041b247a72,Agronomist,Irrigation Systems,44,70,26,5,4.3,MEDIUM
3ffbd4d1-c949-4a7a-85ee-fc041b247a72,Agronomist,Pest Control,89,67,-22,1,0.0,ACHIEVED
3ffbd4d1-c949-4a7a-85ee-fc041b247a72,Agronomist,Data Analysis,68,62,-6,5,0.0,ACHIEVED
3ffbd4d1-c949-4a7a-85ee-fc041b247a72,Agronomist,Precision Agriculture,32,68,36,1,1.2,LOW
3ffbd4d1-c949-4a7a-85ee-fc041b247a72,Agronomist,IoT Sensors,3,62,59,4,7.9,HIGH
3ffbd4d1-c949-4a7a-85ee-fc041b247a72,Agronomist,Farm Management,12,74,62,5,10.3,HIGH
3ffbd4d1-c949-4a7a-85ee-fc041b247a72,Agronomist,Python,51,67,16,3,1.6,LOW
3ffbd4d1-c949-4a7a-85ee-fc041b247a72,Agronomist,Machine Learning,65,90,25,3,2.5,LOW
3ffbd4d1-c949-4a7a-85ee-fc041b247a72,Agronomist,SQL,95,77,-18,3,0.0,ACHIEVED
3ffbd4d1-c949-4a7a-85ee-fc041b247a72,Agronomist,React,32,83,51,1,1.7,LOW
3ffbd4d1-c949-4a7a-85ee-fc041b247a72,Agronomist,FastAPI,43,65,22,1,1.0,LOW
16fb6fcd-fe5c-41ba-8026-d3db986b936e,Agronomist,Soil Health,78,78,0,1,0.0,ACHIEVED
16fb6fcd-fe5c-41ba-8026-d3db986b936e,Agronomist,Crop Science,70,64,-6,5,0.0,ACHIEVED
16fb6fcd-fe5c-41ba-8026-d3db986b936e,Agronomist,Irrigation Systems,46,81,35,4,4.7,MEDIUM
16fb6fcd-fe5c-41ba-8026-d3db986b936e,Agronomist,Pest Control,74,71,-3,1,0.0,ACHIEVED
16fb6fcd-fe5c-41ba-8026-d3db986b936e,Agronomist,Data Analysis,14,66,52,5,8.7,HIGH
16fb6fcd-fe5c-41ba-8026-d3db986b936e,Agronomist,Precision Agriculture,47,71,24,2,1.6,LOW
16fb6fcd-fe5c-41ba-8026-d3db986b936e,Agronomist,IoT Sensors,56,71,15,5,2.5,LOW
16fb6fcd-fe5c-41ba-8026-d3db986b936e,Agronomist,Farm Management,32,73,41,3,4.1,MEDIUM
16fb6fcd-fe5c-41ba-8026-d3db986b936e,Agronomist,Python,81,79,-2,4,0.0,ACHIEVED
16fb6fcd-fe5c-41ba-8026-d3db986b936e,Agronomist,Machine Learning,76,82,6,1,1.0,LOW
16fb6fcd-fe5c-41ba-8026-d3db986b936e,Agronomist,SQL,65,63,-2,5,0.0,ACHIEVED
16fb6fcd-fe5c-41ba-8026-d3db986b936e,Agronomist,React,86,79,-7,4,0.0,ACHIEVED
16fb6fcd-fe5c-41ba-8026-d3db986b936e,Agronomist,FastAPI,71,84,13,3,1.3,LOW
9dde31e1-0a54-48f8-812c-29abde7c9be7,Data Scientist,Soil Health,81,69,-12,4,0.0,ACHIEVED
9dde31e1-0a54-48f8-812c-29abde7c9be7,Data Scientist,Crop Science,37,63,26,4,3.5,MEDIUM
9dde31e1-0a54-48f8-812c-29abde7c9be7,Data Scientist,Irrigation Systems,45,87,42,2,2.8,LOW
9dde31e1-0a54-48f8-812c-29abde7c9be7,Data Scientist,Pest Control,24,77,53,5,8.8,HIGH
9dde31e1-0a54-48f8-812c-29abde7c9be7,Data Scientist,Data Analysis,55,85,30,2,2.0,LOW
9dde31e1-0a54-48f8-812c-29abde7c9be7,Data Scientist,Precision Agriculture,30,78,48,5,8.0,HIGH
9dde31e1-0a54-48f8-812c-29abde7c9be7,Data Scientist,IoT Sensors,30,65,35,1,1.2,LOW
9dde31e1-0a54-48f8-812c-29abde7c9be7,Data Scientist,Farm Management,45,79,34,1,1.1,LOW
9dde31e1-0a54-48f8-812c-29abde7c9be7,Data Scientist,Python,89,90,1,5,1.0,LOW
9dde31e1-0a54-48f8-812c-29abde7c9be7,Data Scientist,Machine Learning,55,64,9,3,1.0,LOW
9dde31e1-0a54-48f8-812c-29abde7c9be7,Data Scientist,SQL,84,65,-19,5,0.0,ACHIEVED
9dde31e1-0a54-48f8-812c-29abde7c9be7,Data Scientist,React,93,81,-12,2,0.0,ACHIEVED
9dde31e1-0a54-48f8-812c-29abde7c9be7,Data Scientist,FastAPI,37,70,33,4,4.4,MEDIUM
67b58b0c-4fc1-476f-aa40-eb63b37d132f,ML Engineer,Soil Health,81,69,-12,2,0.0,ACHIEVED
67b58b0c-4fc1-476f-aa40-eb63b37d132f,ML Engineer,Crop Science,87,84,-3,5,0.0,ACHIEVED
67b58b0c-4fc1-476f-aa40-eb63b37d132f,ML Engineer,Irrigation Systems,83,77,-6,1,0.0,ACHIEVED
67b58b0c-4fc1-476f-aa40-eb63b37d132f,ML Engineer,Pest Control,16,83,67,4,8.9,HIGH
67b58b0c-4fc1-476f-aa40-eb63b37d132f,ML Engineer,Data Analysis,5,73,68,3,6.8,HIGH
67b58b0c-4fc1-476f-aa40-eb63b37d132f,ML Engineer,Precision Agriculture,60,70,10,2,1.0,LOW
67b58b0c-4fc1-476f-aa40-eb63b37d132f,ML Engineer,IoT Sensors,63,67,4,2,1.0,LOW
67b58b0c-4fc1-476f-aa40-eb63b37d132f,ML Engineer,Farm Management,56,63,7,3,1.0,LOW
67b58b0c-4fc1-476f-aa40-eb63b37d132f,ML Engineer,Python,71,87,16,3,1.6,LOW
67b58b0c-4fc1-476f-aa40-eb63b37d132f,ML Engineer,Machine Learning,67,81,14,1,1.0,LOW
67b58b0c-4fc1-476f-aa40-eb63b37d132f,ML Engineer,SQL,23,89,66,1,2.2,LOW
67b58b0c-4fc1-476f-aa40-eb63b37d132f,ML Engineer,React,91,70,-21,5,0.0,ACHIEVED
67b58b0c-4fc1-476f-aa40-eb63b37d132f,ML Engineer,FastAPI,3,67,64,2,4.3,MEDIUM
8bd45c66-777d-4b44-a727-2103d17091ae,Software Engineer,Soil Health,49,66,17,1,1.0,LOW
8bd45c66-777d-4b44-a727-2103d17091ae,Software Engineer,Crop Science,76,68,-8,2,0.0,ACHIEVED
8bd45c66-777d-4b44-a727-2103d17091ae,Software Engineer,Irrigation Systems,22,70,48,1,1.6,LOW
8bd45c66-777d-4b44-a727-2103d17091ae,Software Engineer,Pest Control,27,80,53,5,8.8,HIGH
8bd45c66-777d-4b44-a727-2103d17091ae,Software Engineer,Data Analysis,63,87,24,3,2.4,LOW
8bd45c66-777d-4b44-a727-2103d17091ae,Software Engineer,Precision Agriculture,11,61,50,2,3.3,MEDIUM
8bd45c66-777d-4b44-a727-2103d17091ae,Software Engineer,IoT Sensors,65,82,17,3,1.7,LOW
8bd45c66-777d-4b44-a727-2103d17091ae,Software Engineer,Farm Management,87,86,-1,4,0.0,ACHIEVED
8bd45c66-777d-4b44-a727-2103d17091ae,Software Engineer,Python,87,88,1,3,1.0,LOW
8bd45c66-777d-4b44-a727-2103d17091ae,Software Engineer,Machine Learning,0,80,80,1,2.7,LOW
8bd45c66-777d-4b44-a727-2103d17091ae,Software Engineer,SQL,32,88,56,5,9.3,HIGH
8bd45c66-777d-4b44-a727-2103d17091ae,Software Engineer,React,71,90,19,3,1.9,LOW
8bd45c66-777d-4b44-a727-2103d17091ae,Software Engineer,FastAPI,39,88,49,5,8.2,HIGH
d55588e2-f6e2-4bcb-b758-b6b81a7dfe60,Farm Manager,Soil Health,0,60,60,5,10.0,HIGH
d55588e2-f6e2-4bcb-b758-b6b81a7dfe60,Farm Manager,Crop Science,3,77,74,1,2.5,LOW
d55588e2-f6e2-4bcb-b758-b6b81a7dfe60,Farm Manager,Irrigation Systems,61,67,6,3,1.0,LOW
d55588e2-f6e2-4bcb-b758-b6b81a7dfe60,Farm Manager,Pest Control,0,90,90,5,15.0,HIGH
d55588e2-f6e2-4bcb-b758-b6b81a7dfe60,Farm Manager,Data Analysis,33,89,56,2,3.7,MEDIUM
d55588e2-f6e2-4bcb-b758-b6b81a7dfe60,Farm Manager,Precision Agriculture,72,78,6,3,1.0,LOW
d55588e2-f6e2-4bcb-b758-b6b81a7dfe60,Farm Manager,IoT Sensors,92,90,-2,3,0.0,ACHIEVED
d55588e2-f6e2-4bcb-b758-b6b81a7dfe60,Farm Manager,Farm Management,91,78,-13,4,0.0,ACHIEVED
d55588e2-f6e2-4bcb-b758-b6b81a7dfe60,Farm Manager,Python,15,72,57,1,1.9,LOW
d55588e2-f6e2-4bcb-b758-b6b81a7dfe60,Farm Manager,Machine Learning,62,70,8,5,1.3,LOW
d55588e2-f6e2-4bcb-b758-b6b81a7dfe60,Farm Manager,SQL,14,84,70,1,2.3,LOW
d55588e2-f6e2-4bcb-b758-b6b81a7dfe60,Farm Manager,React,78,63,-15,5,0.0,ACHIEVED
d55588e2-f6e2-4bcb-b758-b6b81a7dfe60,Farm Manager,FastAPI,5,85,80,4,10.7,HIGH
cab924fa-038f-4f55-ad23-0a77f40df14a,Software Engineer,Soil Health,92,83,-9,2,0.0,ACHIEVED
cab924fa-038f-4f55-ad23-0a77f40df14a,Software Engineer,Crop Science,63,87,24,4,3.2,MEDIUM
cab924fa-038f-4f55-ad23-0a77f40df14a,Software Engineer,Irrigation Systems,99,67,-32,5,0.0,ACHIEVED
cab924fa-038f-4f55-ad23-0a77f40df14a,Software Engineer,Pest Control,9,62,53,1,1.8,LOW
cab924fa-038f-4f55-ad23-0a77f40df14a,Software Engineer,Data Analysis,34,69,35,1,1.2,LOW
cab924fa-038f-4f55-ad23-0a77f40df14a,Software Engineer,Precision Agriculture,71,62,-9,2,0.0,ACHIEVED
cab924fa-038f-4f55-ad23-0a77f40df14a,Software Engineer,IoT Sensors,37,89,52,3,5.2,MEDIUM
cab924fa-038f-4f55-ad23-0a77f40df14a,Software Engineer,Farm Management,76,83,7,1,1.0,LOW
cab924fa-038f-4f55-ad23-0a77f40df14a,Software Engineer,Python,26,60,34,4,4.5,MEDIUM
cab924fa-038f-4f55-ad23-0a77f40df14a,Software Engineer,Machine Learning,37,64,27,2,1.8,LOW
cab924fa-038f-4f55-ad23-0a77f40df14a,Software Engineer,SQL,53,68,15,4,2.0,LOW
cab924fa-038f-4f55-ad23-0a77f40df14a,Software Engineer,React,39,76,37,1,1.2,LOW
cab924fa-038f-4f55-ad23-0a77f40df14a,Software Engineer,FastAPI,4,70,66,3,6.6,HIGH
fcd95cdd-9efb-4629-87e3-97ec7d6303ae,ML Engineer,Soil Health,35,82,47,1,1.6,LOW
fcd95cdd-9efb-4629-87e3-97ec7d6303ae,ML Engineer,Crop Science,73,89,16,2,1.1,LOW
fcd95cdd-9efb-4629-87e3-97ec7d6303ae,ML Engineer,Irrigation Systems,71,86,15,3,1.5,LOW
fcd95cdd-9efb-4629-87e3-97ec7d6303ae,ML Engineer,Pest Control,57,62,5,4,1.0,LOW
fcd95cdd-9efb-4629-87e3-97ec7d6303ae,ML Engineer,Data Analysis,2,67,65,5,10.8,HIGH
fcd95cdd-9efb-4629-87e3-97ec7d6303ae,ML Engineer,Precision Agriculture,9,62,53,2,3.5,MEDIUM
fcd95cdd-9efb-4629-87e3-97ec7d6303ae,ML Engineer,IoT Sensors,33,79,46,3,4.6,MEDIUM
fcd95cdd-9efb-4629-87e3-97ec7d6303ae,ML Engineer,Farm Management,94,64,-30,1,0.0,ACHIEVED
fcd95cdd-9efb-4629-87e3-97ec7d6303ae,ML Engineer,Python,36,85,49,2,3.3,MEDIUM
fcd95cdd-9efb-4629-87e3-97ec7d6303ae,ML Engineer,Machine Learning,19,61,42,5,7.0,HIGH
fcd95cdd-9efb-4629-87e3-97ec7d6303ae,ML Engineer,SQL,20,83,63,5,10.5,HIGH
fcd95cdd-9efb-4629-87e3-97ec7d6303ae,ML Engineer,React,99,89,-10,2,0.0,ACHIEVED
fcd95cdd-9efb-4629-87e3-97ec7d6303ae,ML Engineer,FastAPI,56,68,12,4,1.6,LOW
b245fbfe-b391-45eb-b346-ee747eb6ce4b,ML Engineer,Soil Health,90,60,-30,3,0.0,ACHIEVED
b245fbfe-b391-45eb-b346-ee747eb6ce4b,ML Engineer,Crop Science,83,68,-15,2,0.0,ACHIEVED
b245fbfe-b391-45eb-b346-ee747eb6ce4b,ML Engineer,Irrigation Systems,40,80,40,5,6.7,HIGH
b245fbfe-b391-45eb-b346-ee747eb6ce4b,ML Engineer,Pest Control,2,68,66,3,6.6,HIGH
b245fbfe-b391-45eb-b346-ee747eb6ce4b,ML Engineer,Data Analysis,48,81,33,5,5.5,MEDIUM
b245fbfe-b391-45eb-b346-ee747eb6ce4b,ML Engineer,Precision Agriculture,88,72,-16,5,0.0,ACHIEVED
b245fbfe-b391-45eb-b346-ee747eb6ce4b,ML Engineer,IoT Sensors,26,79,53,5,8.8,HIGH
b245fbfe-b391-45eb-b346-ee747eb6ce4b,ML Engineer,Farm Management,6,74,68,3,6.8,HIGH
b245fbfe-b391-45eb-b346-ee747eb6ce4b,ML Engineer,Python,21,89,68,5,11.3,HIGH
b245fbfe-b391-45eb-b346-ee747eb6ce4b,ML Engineer,Machine Learning,56,85,29,5,4.8,MEDIUM
b245fbfe-b391-45eb-b346-ee747eb6ce4b,ML Engineer,SQL,18,82,64,4,8.5,HIGH
b245fbfe-b391-45eb-b346-ee747eb6ce4b,ML Engineer,React,18,87,69,5,11.5,HIGH
b245fbfe-b391-45eb-b346-ee747eb6ce4b,ML Engineer,FastAPI,63,65,2,2,1.0,LOW
bed74850-b852-4c61-a5f0-4956a6d03cb6,Data Scientist,Soil Health,88,67,-21,3,0.0,ACHIEVED
bed74850-b852-4c61-a5f0-4956a6d03cb6,Data Scientist,Crop Science,46,80,34,2,2.3,LOW
bed74850-b852-4c61-a5f0-4956a6d03cb6,Data Scientist,Irrigation Systems,1,86,85,5,14.2,HIGH
bed74850-b852-4c61-a5f0-4956a6d03cb6,Data Scientist,Pest Control,47,90,43,2,2.9,LOW
bed74850-b852-4c61-a5f0-4956a6d03cb6,Data Scientist,Data Analysis,2,84,82,3,8.2,HIGH
bed74850-b852-4c61-a5f0-4956a6d03cb6,Data Scientist,Precision Agriculture,29,63,34,2,2.3,LOW
bed74850-b852-4c61-a5f0-4956a6d03cb6,Data Scientist,IoT Sensors,47,61,14,5,2.3,LOW
bed74850-b852-4c61-a5f0-4956a6d03cb6,Data Scientist,Farm Management,30,83,53,5,8.8,HIGH
bed74850-b852-4c61-a5f0-4956a6d03cb6,Data Scientist,Python,86,88,2,5,1.0,LOW
bed74850-b852-4c61-a5f0-4956a6d03cb6,Data Scientist,Machine Learning,39,68,29,2,1.9,LOW
bed74850-b852-4c61-a5f0-4956a6d03cb6,Data Scientist,SQL,0,78,78,3,7.8,HIGH
bed74850-b852-4c61-a5f0-4956a6d03cb6,Data Scientist,React,93,85,-8,2,0.0,ACHIEVED
bed74850-b852-4c61-a5f0-4956a6d03cb6,Data Scientist,FastAPI,95,72,-23,5,0.0,ACHIEVED
195fa603-d6cc-48c5-9d08-cc0c90d6062e,Agronomist,Soil Health,82,79,-3,4,0.0,ACHIEVED
195fa603-d6cc-48c5-9d08-cc0c90d6062e,Agronomist,Crop Science,99,62,-37,5,0.0,ACHIEVED
195fa603-d6cc-48c5-9d08-cc0c90d6062e,Agronomist,Irrigation Systems,72,70,-2,2,0.0,ACHIEVED
195fa603-d6cc-48c5-9d08-cc0c90d6062e,Agronomist,Pest Control,89,83,-6,5,0.0,ACHIEVED
195fa603-d6cc-48c5-9d08-cc0c90d6062e,Agronomist,Data Analysis,18,81,63,1,2.1,LOW
195fa603-d6cc-48c5-9d08-cc0c90d6062e,Agronomist,Precision Agriculture,94,66,-28,3,0.0,ACHIEVED
195fa603-d6cc-48c5-9d08-cc0c90d6062e,Agronomist,IoT Sensors,84,72,-12,2,0.0,ACHIEVED
195fa603-d6cc-48c5-9d08-cc0c90d6062e,Agronomist,Farm Management,99,67,-32,1,0.0,ACHIEVED
195fa603-d6cc-48c5-9d08-cc0c90d6062e,Agronomist,Python,44,63,19,4,2.5,LOW
195fa603-d6cc-48c5-9d08-cc0c90d6062e,Agronomist,Machine Learning,17,65,48,5,8.0,HIGH
195fa603-d6cc-48c5-9d08-cc0c90d6062e,Agronomist,SQL,13,90,77,2,5.1,MEDIUM
195fa603-d6cc-48c5-9d08-cc0c90d6062e,Agronomist,React,26,71,45,5,7.5,HIGH
195fa603-d6cc-48c5-9d08-cc0c90d6062e,Agronomist,FastAPI,60,66,6,4,1.0,LOW
f0581b3e-34fc-408a-bbbf-0e013adbf2e7,Agronomist,Soil Health,71,89,18,3,1.8,LOW
f0581b3e-34fc-408a-bbbf-0e013adbf2e7,Agronomist,Crop Science,75,60,-15,1,0.0,ACHIEVED
f0581b3e-34fc-408a-bbbf-0e013adbf2e7,Agronomist,Irrigation Systems,4,68,64,4,8.5,HIGH
f0581b3e-34fc-408a-bbbf-0e013adbf2e7,Agronomist,Pest Control,3,60,57,5,9.5,HIGH
f0581b3e-34fc-408a-bbbf-0e013adbf2e7,Agronomist,Data Analysis,80,68,-12,1,0.0,ACHIEVED
f0581b3e-34fc-408a-bbbf-0e013adbf2e7,Agronomist,Precision Agriculture,11,72,61,5,10.2,HIGH
f0581b3e-34fc-408a-bbbf-0e013adbf2e7,Agronomist,IoT Sensors,71,78,7,1,1.0,LOW
f0581b3e-34fc-408a-bbbf-0e013adbf2e7,Agronomist,Farm Management,66,72,6,4,1.0,LOW
f0581b3e-34fc-408a-bbbf-0e013adbf2e7,Agronomist,Python,27,76,49,3,4.9,MEDIUM
f0581b3e-34fc-408a-bbbf-0e013adbf2e7,Agronomist,Machine Learning,100,90,-10,3,0.0,ACHIEVED
f0581b3e-34fc-408a-bbbf-0e013adbf2e7,Agronomist,SQL,72,62,-10,1,0.0,ACHIEVED
f0581b3e-34fc-408a-bbbf-0e013adbf2e7,Agronomist,React,7,83,76,5,12.7,HIGH
f0581b3e-34fc-408a-bbbf-0e013adbf2e7,Agronomist,FastAPI,45,69,24,3,2.4,LOW
06d5e0a0-806e-4afe-8bba-8437d9a87523,Farm Manager,Soil Health,52,78,26,5,4.3,MEDIUM
06d5e0a0-806e-4afe-8bba-8437d9a87523,Farm Manager,Crop Science,92,76,-16,4,0.0,ACHIEVED
06d5e0a0-806e-4afe-8bba-8437d9a87523,Farm Manager,Irrigation Systems,0,64,64,1,2.1,LOW
06d5e0a0-806e-4afe-8bba-8437d9a87523,Farm Manager,Pest Control,60,80,20,1,1.0,LOW
06d5e0a0-806e-4afe-8bba-8437d9a87523,Farm Manager,Data Analysis,68,65,-3,4,0.0,ACHIEVED
06d5e0a0-806e-4afe-8bba-8437d9a87523,Farm Manager,Precision Agriculture,56,60,4,1,1.0,LOW
06d5e0a0-806e-4afe-8bba-8437d9a87523,Farm Manager,IoT Sensors,60,79,19,3,1.9,LOW
06d5e0a0-806e-4afe-8bba-8437d9a87523,Farm Manager,Farm Management,55,87,32,4,4.3,MEDIUM
06d5e0a0-806e-4afe-8bba-8437d9a87523,Farm Manager,Python,4,78,74,2,4.9,MEDIUM
06d5e0a0-806e-4afe-8bba-8437d9a87523,Farm Manager,Machine Learning,45,67,22,3,2.2,LOW
06d5e0a0-806e-4afe-8bba-8437d9a87523,Farm Manager,SQL,51,71,20,3,2.0,LOW
06d5e0a0-806e-4afe-8bba-8437d9a87523,Farm Manager,React,3,85,82,5,13.7,HIGH
06d5e0a0-806e-4afe-8bba-8437d9a87523,Farm Manager,FastAPI,5,62,57,5,9.5,HIGH
25aafa21-b1fc-4690-878a-712e2b88d810,Software Engineer,Soil Health,46,81,35,2,2.3,LOW
25aafa21-b1fc-4690-878a-712e2b88d810,Software Engineer,Crop Science,78,60,-18,5,0.0,ACHIEVED
25aafa21-b1fc-4690-878a-712e2b88d810,Software Engineer,Irrigation Systems,42,75,33,1,1.1,LOW
25aafa21-b1fc-4690-878a-712e2b88d810,Software Engineer,Pest Control,11,68,57,1,1.9,LOW
25aafa21-b1fc-4690-878a-712e2b88d810,Software Engineer,Data Analysis,72,84,12,4,1.6,LOW
25aafa21-b1fc-4690-878a-712e2b88d810,Software Engineer,Precision Agriculture,50,75,25,5,4.2,MEDIUM
25aafa21-b1fc-4690-878a-712e2b88d810,Software Engineer,IoT Sensors,25,80,55,4,7.3,HIGH
25aafa21-b1fc-4690-878a-712e2b88d810,Software Engineer,Farm Management,79,86,7,2,1.0,LOW
25aafa21-b1fc-4690-878a-712e2b88d810,Software Engineer,Python,67,71,4,1,1.0,LOW
25aafa21-b1fc-4690-878a-712e2b88d810,Software Engineer,Machine Learning,56,71,15,4,2.0,LOW
25aafa21-b1fc-4690-878a-712e2b88d810,Software Engineer,SQL,34,72,38,4,5.1,MEDIUM
25aafa21-b1fc-4690-878a-712e2b88d810,Software Engineer,React,88,84,-4,3,0.0,ACHIEVED
25aafa21-b1fc-4690-878a-712e2b88d810,Software Engineer,FastAPI,32,88,56,2,3.7,MEDIUM
5c9ade67-fb66-42e7-929e-6723fb919a02,Agronomist,Soil Health,47,67,20,2,1.3,LOW
5c9ade67-fb66-42e7-929e-6723fb919a02,Agronomist,Crop Science,2,67,65,4,8.7,HIGH
5c9ade67-fb66-42e7-929e-6723fb919a02,Agronomist,Irrigation Systems,71,69,-2,1,0.0,ACHIEVED
5c9ade67-fb66-42e7-929e-6723fb919a02,Agronomist,Pest Control,82,61,-21,5,0.0,ACHIEVED
5c9ade67-fb66-42e7-929e-6723fb919a02,Agronomist,Data Analysis,24,62,38,5,6.3,HIGH
5c9ade67-fb66-42e7-929e-6723fb919a02,Agronomist,Precision Agriculture,51,66,15,5,2.5,LOW
5c9ade67-fb66-42e7-929e-6723fb919a02,Agronomist,IoT Sensors,12,70,58,2,3.9,MEDIUM
5c9ade67-fb66-42e7-929e-6723fb919a02,Agronomist,Farm Management,48,72,24,3,2.4,LOW
5c9ade67-fb66-42e7-929e-6723fb919a02,Agronomist,Python,16,67,51,3,5.1,MEDIUM
5c9ade67-fb66-42e7-929e-6723fb919a02,Agronomist,Machine Learning,12,74,62,3,6.2,HIGH
5c9ade67-fb66-42e7-929e-6723fb919a02,Agronomist,SQL,12,74,62,3,6.2,HIGH
5c9ade67-fb66-42e7-929e-6723fb919a02,Agronomist,React,53,89,36,2,2.4,LOW
5c9ade67-fb66-42e7-929e-6723fb919a02,Agronomist,FastAPI,49,76,27,4,3.6,MEDIUM
0e9be20e-080b-4c2b-a5e6-66ba7f5c2433,Agronomist,Soil Health,0,73,73,2,4.9,MEDIUM
0e9be20e-080b-4c2b-a5e6-66ba7f5c2433,Agronomist,Crop Science,77,62,-15,4,0.0,ACHIEVED
0e9be20e-080b-4c2b-a5e6-66ba7f5c2433,Agronomist,Irrigation Systems,49,65,16,3,1.6,LOW
0e9be20e-080b-4c2b-a5e6-66ba7f5c2433,Agronomist,Pest Control,73,69,-4,5,0.0,ACHIEVED
0e9be20e-080b-4c2b-a5e6-66ba7f5c2433,Agronomist,Data Analysis,81,82,1,5,1.0,LOW
0e9be20e-080b-4c2b-a5e6-66ba7f5c2433,Agronomist,Precision Agriculture,38,75,37,1,1.2,LOW
0e9be20e-080b-4c2b-a5e6-66ba7f5c2433,Agronomist,IoT Sensors,49,86,37,2,2.5,LOW
0e9be20e-080b-4c2b-a5e6-66ba7f5c2433,Agronomist,Farm Management,28,76,48,1,1.6,LOW
0e9be20e-080b-4c2b-a5e6-66ba7f5c2433,Agronomist,Python,40,73,33,1,1.1,LOW
0e9be20e-080b-4c2b-a5e6-66ba7f5c2433,Agronomist,Machine Learning,84,70,-14,2,0.0,ACHIEVED
0e9be20e-080b-4c2b-a5e6-66ba7f5c2433,Agronomist,SQL,90,74,-16,5,0.0,ACHIEVED
0e9be20e-080b-4c2b-a5e6-66ba7f5c2433,Agronomist,React,9,80,71,5,11.8,HIGH
0e9be20e-080b-4c2b-a5e6-66ba7f5c2433,Agronomist,FastAPI,100,73,-27,4,0.0,ACHIEVED
ff9ac427-959d-4d8f-8db5-6008940bbf0f,Farm Manager,Soil Health,7,62,55,5,9.2,HIGH
ff9ac427-959d-4d8f-8db5-6008940bbf0f,Farm Manager,Crop Science,27,90,63,3,6.3,HIGH
ff9ac427-959d-4d8f-8db5-6008940bbf0f,Farm Manager,Irrigation Systems,100,85,-15,5,0.0,ACHIEVED
ff9ac427-959d-4d8f-8db5-6008940bbf0f,Farm Manager,Pest Control,92,90,-2,5,0.0,ACHIEVED
ff9ac427-959d-4d8f-8db5-6008940bbf0f,Farm Manager,Data Analysis,48,83,35,3,3.5,MEDIUM
ff9ac427-959d-4d8f-8db5-6008940bbf0f,Farm Manager,Precision Agriculture,88,79,-9,3,0.0,ACHIEVED
ff9ac427-959d-4d8f-8db5-6008940bbf0f,Farm Manager,IoT Sensors,14,61,47,2,3.1,MEDIUM
ff9ac427-959d-4d8f-8db5-6008940bbf0f,Farm Manager,Farm Management,24,71,47,3,4.7,MEDIUM
ff9ac427-959d-4d8f-8db5-6008940bbf0f,Farm Manager,Python,83,84,1,2,1.0,LOW
ff9ac427-959d-4d8f-8db5-6008940bbf0f,Farm Manager,Machine Learning,93,88,-5,2,0.0,ACHIEVED
ff9ac427-959d-4d8f-8db5-6008940bbf0f,Farm Manager,SQL,24,80,56,1,1.9,LOW
ff9ac427-959d-4d8f-8db5-6008940bbf0f,Farm Manager,React,26,61,35,5,5.8,MEDIUM
ff9ac427-959d-4d8f-8db5-6008940bbf0f,Farm Manager,FastAPI,51,64,13,3,1.3,LOW
97631b9d-4c4d-440a-ab8b-f4c005b59a10,Agronomist,Soil Health,91,72,-19,2,0.0,ACHIEVED
97631b9d-4c4d-440a-ab8b-f4c005b59a10,Agronomist,Crop Science,51,72,21,2,1.4,LOW
97631b9d-4c4d-440a-ab8b-f4c005b59a10,Agronomist,Irrigation Systems,86,87,1,5,1.0,LOW
97631b9d-4c4d-440a-ab8b-f4c005b59a10,Agronomist,Pest Control,18,67,49,1,1.6,LOW
97631b9d-4c4d-440a-ab8b-f4c005b59a10,Agronomist,Data Analysis,66,62,-4,5,0.0,ACHIEVED
97631b9d-4c4d-440a-ab8b-f4c005b59a10,Agronomist,Precision Agriculture,36,82,46,1,1.5,LOW
97631b9d-4c4d-440a-ab8b-f4c005b59a10,Agronomist,IoT Sensors,42,67,25,4,3.3,MEDIUM
97631b9d-4c4d-440a-ab8b-f4c005b59a10,Agronomist,Farm Management,10,70,60,5,10.0,HIGH
97631b9d-4c4d-440a-ab8b-f4c005b59a10,Agronomist,Python,5,63,58,1,1.9,LOW
97631b9d-4c4d-440a-ab8b-f4c005b59a10,Agronomist,Machine Learning,61,64,3,1,1.0,LOW
97631b9d-4c4d-440a-ab8b-f4c005b59a10,Agronomist,SQL,92,82,-10,4,0.0,ACHIEVED
97631b9d-4c4d-440a-ab8b-f4c005b59a10,Agronomist,React,34,60,26,1,1.0,LOW
97631b9d-4c4d-440a-ab8b-f4c005b59a10,Agronomist,FastAPI,38,71,33,4,4.4,MEDIUM
db8ee7dc-8036-4e23-ab38-f67909491b2c,Data Scientist,Soil Health,52,82,30,4,4.0,MEDIUM
db8ee7dc-8036-4e23-ab38-f67909491b2c,Data Scientist,Crop Science,30,63,33,1,1.1,LOW
db8ee7dc-8036-4e23-ab38-f67909491b2c,Data Scientist,Irrigation Systems,41,89,48,2,3.2,MEDIUM
db8ee7dc-8036-4e23-ab38-f67909491b2c,Data Scientist,Pest Control,55,67,12,4,1.6,LOW
db8ee7dc-8036-4e23-ab38-f67909491b2c,Data Scientist,Data Analysis,96,72,-24,1,0.0,ACHIEVED
db8ee7dc-8036-4e23-ab38-f67909491b2c,Data Scientist,Precision Agriculture,48,80,32,1,1.1,LOW
db8ee7dc-8036-4e23-ab38-f67909491b2c,Data Scientist,IoT Sensors,79,68,-11,3,0.0,ACHIEVED
db8ee7dc-8036-4e23-ab38-f67909491b2c,Data Scientist,Farm Management,69,74,5,2,1.0,LOW
db8ee7dc-8036-4e23-ab38-f67909491b2c,Data Scientist,Python,74,69,-5,1,0.0,ACHIEVED
db8ee7dc-8036-4e23-ab38-f67909491b2c,Data Scientist,Machine Learning,30,88,58,2,3.9,MEDIUM
db8ee7dc-8036-4e23-ab38-f67909491b2c,Data Scientist,SQL,70,82,12,2,1.0,LOW
db8ee7dc-8036-4e23-ab38-f67909491b2c,Data Scientist,React,33,64,31,5,5.2,MEDIUM
db8ee7dc-8036-4e23-ab38-f67909491b2c,Data Scientist,FastAPI,4,72,68,1,2.3,LOW
a561b9ca-b5f8-4a03-bba4-ada47c0a0274,Farm Manager,Soil Health,4,75,71,3,7.1,HIGH
a561b9ca-b5f8-4a03-bba4-ada47c0a0274,Farm Manager,Crop Science,34,62,28,1,1.0,LOW
a561b9ca-b5f8-4a03-bba4-ada47c0a0274,Farm Manager,Irrigation Systems,94,88,-6,2,0.0,ACHIEVED
a561b9ca-b5f8-4a03-bba4-ada47c0a0274,Farm Manager,Pest Control,83,62,-21,1,0.0,ACHIEVED
a561b9ca-b5f8-4a03-bba4-ada47c0a0274,Farm Manager,Data Analysis,66,87,21,3,2.1,LOW
a561b9ca-b5f8-4a03-bba4-ada47c0a0274,Farm Manager,Precision Agriculture,84,75,-9,3,0.0,ACHIEVED
a561b9ca-b5f8-4a03-bba4-ada47c0a0274,Farm Manager,IoT Sensors,77,74,-3,5,0.0,ACHIEVED
a561b9ca-b5f8-4a03-bba4-ada47c0a0274,Farm Manager,Farm Management,10,72,62,2,4.1,MEDIUM
a561b9ca-b5f8-4a03-bba4-ada47c0a0274,Farm Manager,Python,86,72,-14,3,0.0,ACHIEVED
a561b9ca-b5f8-4a03-bba4-ada47c0a0274,Farm Manager,Machine Learning,82,64,-18,1,0.0,ACHIEVED
a561b9ca-b5f8-4a03-bba4-ada47c0a0274,Farm Manager,SQL,83,88,5,4,1.0,LOW
a561b9ca-b5f8-4a03-bba4-ada47c0a0274,Farm Manager,React,91,74,-17,2,0.0,ACHIEVED
a561b9ca-b5f8-4a03-bba4-ada47c0a0274,Farm Manager,FastAPI,70,65,-5,3,0.0,ACHIEVED
318400e3-85a3-4d07-bd6d-a31c3effa4a1,Software Engineer,Soil Health,51,77,26,5,4.3,MEDIUM
318400e3-85a3-4d07-bd6d-a31c3effa4a1,Software Engineer,Crop Science,33,71,38,4,5.1,MEDIUM
318400e3-85a3-4d07-bd6d-a31c3effa4a1,Software Engineer,Irrigation Systems,12,62,50,4,6.7,HIGH
318400e3-85a3-4d07-bd6d-a31c3effa4a1,Software Engineer,Pest Control,67,78,11,2,1.0,LOW
318400e3-85a3-4d07-bd6d-a31c3effa4a1,Software Engineer,Data Analysis,65,82,17,1,1.0,LOW
318400e3-85a3-4d07-bd6d-a31c3effa4a1,Software Engineer,Precision Agriculture,2,83,81,5,13.5,HIGH
318400e3-85a3-4d07-bd6d-a31c3effa4a1,Software Engineer,IoT Sensors,45,89,44,4,5.9,MEDIUM
318400e3-85a3-4d07-bd6d-a31c3effa4a1,Software Engineer,Farm Management,35,76,41,1,1.4,LOW
318400e3-85a3-4d07-bd6d-a31c3effa4a1,Software Engineer,Python,31,82,51,3,5.1,MEDIUM
318400e3-85a3-4d07-bd6d-a31c3effa4a1,Software Engineer,Machine Learning,17,75,58,5,9.7,HIGH
318400e3-85a3-4d07-bd6d-a31c3effa4a1,Software Engineer,SQL,8,75,67,4,8.9,HIGH
318400e3-85a3-4d07-bd6d-a31c3effa4a1,Software Engineer,React,25,64,39,2,2.6,LOW
318400e3-85a3-4d07-bd6d-a31c3effa4a1,Software Engineer,FastAPI,48,80,32,4,4.3,MEDIUM
117bb098-d930-4963-99d2-ad067b0a78ea,Farm Manager,Soil Health,43,61,18,5,3.0,LOW
117bb098-d930-4963-99d2-ad067b0a78ea,Farm Manager,Crop Science,47,87,40,1,1.3,LOW
117bb098-d930-4963-99d2-ad067b0a78ea,Farm Manager,Irrigation Systems,8,78,70,5,11.7,HIGH
117bb098-d930-4963-99d2-ad067b0a78ea,Farm Manager,Pest Control,32,69,37,3,3.7,MEDIUM
117bb098-d930-4963-99d2-ad067b0a78ea,Farm Manager,Data Analysis,80,71,-9,5,0.0,ACHIEVED
117bb098-d930-4963-99d2-ad067b0a78ea,Farm Manager,Precision Agriculture,82,77,-5,1,0.0,ACHIEVED
117bb098-d930-4963-99d2-ad067b0a78ea,Farm Manager,IoT Sensors,1,74,73,2,4.9,MEDIUM
117bb098-d930-4963-99d2-ad067b0a78ea,Farm Manager,Farm Management,80,63,-17,1,0.0,ACHIEVED
117bb098-d930-4963-99d2-ad067b0a78ea,Farm Manager,Python,28,85,57,5,9.5,HIGH
117bb098-d930-4963-99d2-ad067b0a78ea,Farm Manager,Machine Learning,72,72,0,5,0.0,ACHIEVED
117bb098-d930-4963-99d2-ad067b0a78ea,Farm Manager,SQL,41,81,40,2,2.7,LOW
117bb098-d930-4963-99d2-ad067b0a78ea,Farm Manager,React,76,78,2,4,1.0,LOW
117bb098-d930-4963-99d2-ad067b0a78ea,Farm Manager,FastAPI,55,77,22,2,1.5,LOW
b0a8cfc0-ca9e-4a00-8415-2df418dd8bdf,ML Engineer,Soil Health,93,75,-18,3,0.0,ACHIEVED
b0a8cfc0-ca9e-4a00-8415-2df418dd8bdf,ML Engineer,Crop Science,48,77,29,3,2.9,LOW
b0a8cfc0-ca9e-4a00-8415-2df418dd8bdf,ML Engineer,Irrigation Systems,59,71,12,1,1.0,LOW
b0a8cfc0-ca9e-4a00-8415-2df418dd8bdf,ML Engineer,Pest Control,6,88,82,4,10.9,HIGH
b0a8cfc0-ca9e-4a00-8415-2df418dd8bdf,ML Engineer,Data Analysis,13,88,75,4,10.0,HIGH
b0a8cfc0-ca9e-4a00-8415-2df418dd8bdf,ML Engineer,Precision Agriculture,45,84,39,3,3.9,MEDIUM
b0a8cfc0-ca9e-4a00-8415-2df418dd8bdf,ML Engineer,IoT Sensors,86,76,-10,1,0.0,ACHIEVED
b0a8cfc0-ca9e-4a00-8415-2df418dd8bdf,ML Engineer,Farm Management,6,61,55,3,5.5,MEDIUM
b0a8cfc0-ca9e-4a00-8415-2df418dd8bdf,ML Engineer,Python,6,67,61,5,10.2,HIGH
b0a8cfc0-ca9e-4a00-8415-2df418dd8bdf,ML Engineer,Machine Learning,19,86,67,4,8.9,HIGH
b0a8cfc0-ca9e-4a00-8415-2df418dd8bdf,ML Engineer,SQL,3,80,77,4,10.3,HIGH
b0a8cfc0-ca9e-4a00-8415-2df418dd8bdf,ML Engineer,React,91,73,-18,1,0.0,ACHIEVED
b0a8cfc0-ca9e-4a00-8415-2df418dd8bdf,ML Engineer,FastAPI,72,66,-6,1,0.0,ACHIEVED
059bc447-da09-4d13-b484-098c740439fc,Software Engineer,Soil Health,9,73,64,4,8.5,HIGH
059bc447-da09-4d13-b484-098c740439fc,Software Engineer,Crop Science,53,69,16,4,2.1,LOW
059bc447-da09-4d13-b484-098c740439fc,Software Engineer,Irrigation Systems,63,62,-1,1,0.0,ACHIEVED
059bc447-da09-4d13-b484-098c740439fc,Software Engineer,Pest Control,19,71,52,4,6.9,HIGH
059bc447-da09-4d13-b484-098c740439fc,Software Engineer,Data Analysis,51,80,29,5,4.8,MEDIUM
059bc447-da09-4d13-b484-098c740439fc,Software Engineer,Precision Agriculture,0,72,72,1,2.4,LOW
059bc447-da09-4d13-b484-098c740439fc,Software Engineer,IoT Sensors,45,63,18,1,1.0,LOW
059bc447-da09-4d13-b484-098c740439fc,Software Engineer,Farm Management,72,70,-2,4,0.0,ACHIEVED
059bc447-da09-4d13-b484-098c740439fc,Software Engineer,Python,15,70,55,3,5.5,MEDIUM
059bc447-da09-4d13-b484-098c740439fc,Software Engineer,Machine Learning,15,86,71,4,9.5,HIGH
059bc447-da09-4d13-b484-098c740439fc,Software Engineer,SQL,18,78,60,4,8.0,HIGH
059bc447-da09-4d13-b484-098c740439fc,Software Engineer,React,96,83,-13,3,0.0,ACHIEVED
059bc447-da09-4d13-b484-098c740439fc,Software Engineer,FastAPI,30,82,52,4,6.9,HIGH
b31edde3-e4dc-4cf1-b6a4-08a3b8a08b0a,Software Engineer,Soil Health,42,78,36,4,4.8,MEDIUM
b31edde3-e4dc-4cf1-b6a4-08a3b8a08b0a,Software Engineer,Crop Science,42,75,33,1,1.1,LOW
b31edde3-e4dc-4cf1-b6a4-08a3b8a08b0a,Software Engineer,Irrigation Systems,66,85,19,2,1.3,LOW
b31edde3-e4dc-4cf1-b6a4-08a3b8a08b0a,Software Engineer,Pest Control,29,76,47,1,1.6,LOW
b31edde3-e4dc-4cf1-b6a4-08a3b8a08b0a,Software Engineer,Data Analysis,24,86,62,5,10.3,HIGH
b31edde3-e4dc-4cf1-b6a4-08a3b8a08b0a,Software Engineer,Precision Agriculture,50,84,34,5,5.7,MEDIUM
b31edde3-e4dc-4cf1-b6a4-08a3b8a08b0a,Software Engineer,IoT Sensors,89,67,-22,4,0.0,ACHIEVED
b31edde3-e4dc-4cf1-b6a4-08a3b8a08b0a,Software Engineer,Farm Management,68,70,2,2,1.0,LOW
b31edde3-e4dc-4cf1-b6a4-08a3b8a08b0a,Software Engineer,Python,49,71,22,5,3.7,MEDIUM
b31edde3-e4dc-4cf1-b6a4-08a3b8a08b0a,Software Engineer,Machine Learning,12,70,58,2,3.9,MEDIUM
b31edde3-e4dc-4cf1-b6a4-08a3b8a08b0a,Software Engineer,SQL,31,88,57,1,1.9,LOW
b31edde3-e4dc-4cf1-b6a4-08a3b8a08b0a,Software Engineer,React,90,87,-3,4,0.0,ACHIEVED
b31edde3-e4dc-4cf1-b6a4-08a3b8a08b0a,Software Engineer,FastAPI,34,68,34,3,3.4,MEDIUM
019d5596-d1be-419c-bfd7-107a0e01900e,ML Engineer,Soil Health,73,84,11,5,1.8,LOW
019d5596-d1be-419c-bfd7-107a0e01900e,ML Engineer,Crop Science,50,75,25,2,1.7,LOW
019d5596-d1be-419c-bfd7-107a0e01900e,ML Engineer,Irrigation Systems,54,63,9,1,1.0,LOW
019d5596-d1be-419c-bfd7-107a0e01900e,ML Engineer,Pest Control,52,86,34,3,3.4,MEDIUM
019d5596-d1be-419c-bfd7-107a0e01900e,ML Engineer,Data Analysis,83,68,-15,2,0.0,ACHIEVED
019d5596-d1be-419c-bfd7-107a0e01900e,ML Engineer,Precision Agriculture,93,78,-15,4,0.0,ACHIEVED
019d5596-d1be-419c-bfd7-107a0e01900e,ML Engineer,IoT Sensors,48,72,24,2,1.6,LOW
019d5596-d1be-419c-bfd7-107a0e01900e,ML Engineer,Farm Management,46,81,35,1,1.2,LOW
019d5596-d1be-419c-bfd7-107a0e01900e,ML Engineer,Python,9,78,69,1,2.3,LOW
019d5596-d1be-419c-bfd7-107a0e01900e,ML Engineer,Machine Learning,53,69,16,1,1.0,LOW
019d5596-d1be-419c-bfd7-107a0e01900e,ML Engineer,SQL,11,69,58,2,3.9,MEDIUM
019d5596-d1be-419c-bfd7-107a0e01900e,ML Engineer,React,34,84,50,5,8.3,HIGH
019d5596-d1be-419c-bfd7-107a0e01900e,ML Engineer,FastAPI,98,86,-12,5,0.0,ACHIEVED
bbddaf6e-baec-4a77-aaf9-c2807d6f65ec,Agronomist,Soil Health,91,67,-24,4,0.0,ACHIEVED
bbddaf6e-baec-4a77-aaf9-c2807d6f65ec,Agronomist,Crop Science,40,86,46,2,3.1,MEDIUM
bbddaf6e-baec-4a77-aaf9-c2807d6f65ec,Agronomist,Irrigation Systems,63,90,27,1,1.0,LOW
bbddaf6e-baec-4a77-aaf9-c2807d6f65ec,Agronomist,Pest Control,99,72,-27,3,0.0,ACHIEVED
bbddaf6e-baec-4a77-aaf9-c2807d6f65ec,Agronomist,Data Analysis,64,90,26,2,1.7,LOW
bbddaf6e-baec-4a77-aaf9-c2807d6f65ec,Agronomist,Precision Agriculture,14,87,73,5,12.2,HIGH
bbddaf6e-baec-4a77-aaf9-c2807d6f65ec,Agronomist,IoT Sensors,67,62,-5,4,0.0,ACHIEVED
bbddaf6e-baec-4a77-aaf9-c2807d6f65ec,Agronomist,Farm Management,98,79,-19,1,0.0,ACHIEVED
bbddaf6e-baec-4a77-aaf9-c2807d6f65ec,Agronomist,Python,63,77,14,4,1.9,LOW
bbddaf6e-baec-4a77-aaf9-c2807d6f65ec,Agronomist,Machine Learning,94,76,-18,1,0.0,ACHIEVED
bbddaf6e-baec-4a77-aaf9-c2807d6f65ec,Agronomist,SQL,53,82,29,2,1.9,LOW
bbddaf6e-baec-4a77-aaf9-c2807d6f65ec,Agronomist,React,38,65,27,2,1.8,LOW
bbddaf6e-baec-4a77-aaf9-c2807d6f65ec,Agronomist,FastAPI,53,74,21,5,3.5,MEDIUM
7ef3ded9-e103-45dd-85b3-3dfee883f891,Data Scientist,Soil Health,25,61,36,1,1.2,LOW
7ef3ded9-e103-45dd-85b3-3dfee883f891,Data Scientist,Crop Science,51,88,37,1,1.2,LOW
7ef3ded9-e103-45dd-85b3-3dfee883f891,Data Scientist,Irrigation Systems,92,89,-3,4,0.0,ACHIEVED
7ef3ded9-e103-45dd-85b3-3dfee883f891,Data Scientist,Pest Control,4,64,60,1,2.0,LOW
7ef3ded9-e103-45dd-85b3-3dfee883f891,Data Scientist,Data Analysis,8,85,77,4,10.3,HIGH
7ef3ded9-e103-45dd-85b3-3dfee883f891,Data Scientist,Precision Agriculture,87,64,-23,1,0.0,ACHIEVED
7ef3ded9-e103-45dd-85b3-3dfee883f891,Data Scientist,IoT Sensors,98,64,-34,4,0.0,ACHIEVED
7ef3ded9-e103-45dd-85b3-3dfee883f891,Data Scientist,Farm Management,78,87,9,4,1.2,LOW
7ef3ded9-e103-45dd-85b3-3dfee883f891,Data Scientist,Python,99,70,-29,5,0.0,ACHIEVED
7ef3ded9-e103-45dd-85b3-3dfee883f891,Data Scientist,Machine Learning,89,70,-19,2,0.0,ACHIEVED
7ef3ded9-e103-45dd-85b3-3dfee883f891,Data Scientist,SQL,72,73,1,4,1.0,LOW
7ef3ded9-e103-45dd-85b3-3dfee883f891,Data Scientist,React,93,82,-11,4,0.0,ACHIEVED
7ef3ded9-e103-45dd-85b3-3dfee883f891,Data Scientist,FastAPI,32,75,43,1,1.4,LOW
debf3646-23ea-4b4a-9f4e-d5260eb92216,ML Engineer,Soil Health,70,64,-6,2,0.0,ACHIEVED
debf3646-23ea-4b4a-9f4e-d5260eb92216,ML Engineer,Crop Science,44,89,45,1,1.5,LOW
debf3646-23ea-4b4a-9f4e-d5260eb92216,ML Engineer,Irrigation Systems,3,82,79,3,7.9,HIGH
debf3646-23ea-4b4a-9f4e-d5260eb92216,ML Engineer,Pest Control,61,80,19,5,3.2,MEDIUM
debf3646-23ea-4b4a-9f4e-d5260eb92216,ML Engineer,Data Analysis,35,63,28,5,4.7,MEDIUM
debf3646-23ea-4b4a-9f4e-d5260eb92216,ML Engineer,Precision Agriculture,78,67,-11,4,0.0,ACHIEVED
debf3646-23ea-4b4a-9f4e-d5260eb92216,ML Engineer,IoT Sensors,22,73,51,2,3.4,MEDIUM
debf3646-23ea-4b4a-9f4e-d5260eb92216,ML Engineer,Farm Management,40,88,48,1,1.6,LOW
debf3646-23ea-4b4a-9f4e-d5260eb92216,ML Engineer,Python,73,79,6,3,1.0,LOW
debf3646-23ea-4b4a-9f4e-d5260eb92216,ML Engineer,Machine Learning,48,68,20,5,3.3,MEDIUM
debf3646-23ea-4b4a-9f4e-d5260eb92216,ML Engineer,SQL,30,65,35,3,3.5,MEDIUM
debf3646-23ea-4b4a-9f4e-d5260eb92216,ML Engineer,React,72,88,16,3,1.6,LOW
debf3646-23ea-4b4a-9f4e-d5260eb92216,ML Engineer,FastAPI,6,73,67,3,6.7,HIGH
8f24a7e1-3773-4884-9d57-6ff297a513a9,Data Scientist,Soil Health,71,84,13,5,2.2,LOW
8f24a7e1-3773-4884-9d57-6ff297a513a9,Data Scientist,Crop Science,18,76,58,5,9.7,HIGH
8f24a7e1-3773-4884-9d57-6ff297a513a9,Data Scientist,Irrigation Systems,55,90,35,3,3.5,MEDIUM
8f24a7e1-3773-4884-9d57-6ff297a513a9,Data Scientist,Pest Control,43,83,40,2,2.7,LOW
8f24a7e1-3773-4884-9d57-6ff297a513a9,Data Scientist,Data Analysis,33,66,33,2,2.2,LOW
8f24a7e1-3773-4884-9d57-6ff297a513a9,Data Scientist,Precision Agriculture,49,68,19,3,1.9,LOW
8f24a7e1-3773-4884-9d57-6ff297a513a9,Data Scientist,IoT Sensors,33,84,51,4,6.8,HIGH
8f24a7e1-3773-4884-9d57-6ff297a513a9,Data Scientist,Farm Management,70,65,-5,2,0.0,ACHIEVED
8f24a7e1-3773-4884-9d57-6ff297a513a9,Data Scientist,Python,36,80,44,1,1.5,LOW
8f24a7e1-3773-4884-9d57-6ff297a513a9,Data Scientist,Machine Learning,57,77,20,2,1.3,LOW
8f24a7e1-3773-4884-9d57-6ff297a513a9,Data Scientist,SQL,13,60,47,4,6.3,HIGH
8f24a7e1-3773-4884-9d57-6ff297a513a9,Data Scientist,React,1,83,82,5,13.7,HIGH
8f24a7e1-3773-4884-9d57-6ff297a513a9,Data Scientist,FastAPI,81,67,-14,4,0.0,ACHIEVED
f8bc7740-081e-48fd-b17d-6b8226fc4c78,ML Engineer,Soil Health,88,78,-10,5,0.0,ACHIEVED
f8bc7740-081e-48fd-b17d-6b8226fc4c78,ML Engineer,Crop Science,63,76,13,2,1.0,LOW
f8bc7740-081e-48fd-b17d-6b8226fc4c78,ML Engineer,Irrigation Systems,76,80,4,2,1.0,LOW
f8bc7740-081e-48fd-b17d-6b8226fc4c78,ML Engineer,Pest Control,57,60,3,2,1.0,LOW
f8bc7740-081e-48fd-b17d-6b8226fc4c78,ML Engineer,Data Analysis,93,61,-32,4,0.0,ACHIEVED
f8bc7740-081e-48fd-b17d-6b8226fc4c78,ML Engineer,Precision Agriculture,2,84,82,3,8.2,HIGH
f8bc7740-081e-48fd-b17d-6b8226fc4c78,ML Engineer,IoT Sensors,88,65,-23,1,0.0,ACHIEVED
f8bc7740-081e-48fd-b17d-6b8226fc4c78,ML Engineer,Farm Management,10,62,52,2,3.5,MEDIUM
f8bc7740-081e-48fd-b17d-6b8226fc4c78,ML Engineer,Python,12,71,59,2,3.9,MEDIUM
f8bc7740-081e-48fd-b17d-6b8226fc4c78,ML Engineer,Machine Learning,0,60,60,3,6.0,MEDIUM
f8bc7740-081e-48fd-b17d-6b8226fc4c78,ML Engineer,SQL,86,87,1,1,1.0,LOW
f8bc7740-081e-48fd-b17d-6b8226fc4c78,ML Engineer,React,22,60,38,1,1.3,LOW
f8bc7740-081e-48fd-b17d-6b8226fc4c78,ML Engineer,FastAPI,56,84,28,4,3.7,MEDIUM
709b6216-02ce-48eb-8877-75deee0cf0e4,Software Engineer,Soil Health,15,69,54,1,1.8,LOW
709b6216-02ce-48eb-8877-75deee0cf0e4,Software Engineer,Crop Science,64,85,21,4,2.8,LOW
709b6216-02ce-48eb-8877-75deee0cf0e4,Software Engineer,Irrigation Systems,64,68,4,2,1.0,LOW
709b6216-02ce-48eb-8877-75deee0cf0e4,Software Engineer,Pest Control,43,65,22,5,3.7,MEDIUM
709b6216-02ce-48eb-8877-75deee0cf0e4,Software Engineer,Data Analysis,38,75,37,4,4.9,MEDIUM
709b6216-02ce-48eb-8877-75deee0cf0e4,Software Engineer,Precision Agriculture,35,85,50,2,3.3,MEDIUM
709b6216-02ce-48eb-8877-75deee0cf0e4,Software Engineer,IoT Sensors,45,64,19,5,3.2,MEDIUM
709b6216-02ce-48eb-8877-75deee0cf0e4,Software Engineer,Farm Management,39,67,28,2,1.9,LOW
709b6216-02ce-48eb-8877-75deee0cf0e4,Software Engineer,Python,96,74,-22,2,0.0,ACHIEVED
709b6216-02ce-48eb-8877-75deee0cf0e4,Software Engineer,Machine Learning,69,62,-7,5,0.0,ACHIEVED
709b6216-02ce-48eb-8877-75deee0cf0e4,Software Engineer,SQL,25,81,56,4,7.5,HIGH
709b6216-02ce-48eb-8877-75deee0cf0e4,Software Engineer,React,56,76,20,1,1.0,LOW
709b6216-02ce-48eb-8877-75deee0cf0e4,Software Engineer,FastAPI,40,61,21,3,2.1,LOW
458c3a98-7bfa-425f-aadd-8c055fa6cd8e,Farm Manager,Soil Health,39,88,49,1,1.6,LOW
458c3a98-7bfa-425f-aadd-8c055fa6cd8e,Farm Manager,Crop Science,25,83,58,3,5.8,MEDIUM
458c3a98-7bfa-425f-aadd-8c055fa6cd8e,Farm Manager,Irrigation Systems,94,73,-21,3,0.0,ACHIEVED
458c3a98-7bfa-425f-aadd-8c055fa6cd8e,Farm Manager,Pest Control,20,74,54,4,7.2,HIGH
458c3a98-7bfa-425f-aadd-8c055fa6cd8e,Farm Manager,Data Analysis,45,79,34,1,1.1,LOW
458c3a98-7bfa-425f-aadd-8c055fa6cd8e,Farm Manager,Precision Agriculture,83,83,0,5,0.0,ACHIEVED
458c3a98-7bfa-425f-aadd-8c055fa6cd8e,Farm Manager,IoT Sensors,0,62,62,2,4.1,MEDIUM
458c3a98-7bfa-425f-aadd-8c055fa6cd8e,Farm Manager,Farm Management,10,63,53,2,3.5,MEDIUM
458c3a98-7bfa-425f-aadd-8c055fa6cd8e,Farm Manager,Python,71,81,10,5,1.7,LOW
458c3a98-7bfa-425f-aadd-8c055fa6cd8e,Farm Manager,Machine Learning,46,65,19,1,1.0,LOW
458c3a98-7bfa-425f-aadd-8c055fa6cd8e,Farm Manager,SQL,8,80,72,2,4.8,MEDIUM
458c3a98-7bfa-425f-aadd-8c055fa6cd8e,Farm Manager,React,92,64,-28,2,0.0,ACHIEVED
458c3a98-7bfa-425f-aadd-8c055fa6cd8e,Farm Manager,FastAPI,99,68,-31,4,0.0,ACHIEVED
c7921477-6b90-40a1-8f4c-25e1edcbe553,Agronomist,Soil Health,96,77,-19,1,0.0,ACHIEVED
c7921477-6b90-40a1-8f4c-25e1edcbe553,Agronomist,Crop Science,54,85,31,5,5.2,MEDIUM
c7921477-6b90-40a1-8f4c-25e1edcbe553,Agronomist,Irrigation Systems,5,86,81,5,13.5,HIGH
c7921477-6b90-40a1-8f4c-25e1edcbe553,Agronomist,Pest Control,31,66,35,2,2.3,LOW
c7921477-6b90-40a1-8f4c-25e1edcbe553,Agronomist,Data Analysis,63,75,12,4,1.6,LOW
c7921477-6b90-40a1-8f4c-25e1edcbe553,Agronomist,Precision Agriculture,10,73,63,3,6.3,HIGH
c7921477-6b90-40a1-8f4c-25e1edcbe553,Agronomist,IoT Sensors,42,90,48,2,3.2,MEDIUM
c7921477-6b90-40a1-8f4c-25e1edcbe553,Agronomist,Farm Management,58,69,11,2,1.0,LOW
c7921477-6b90-40a1-8f4c-25e1edcbe553,Agronomist,Python,59,75,16,3,1.6,LOW
c7921477-6b90-40a1-8f4c-25e1edcbe553,Agronomist,Machine Learning,1,69,68,4,9.1,HIGH
c7921477-6b90-40a1-8f4c-25e1edcbe553,Agronomist,SQL,73,74,1,1,1.0,LOW
c7921477-6b90-40a1-8f4c-25e1edcbe553,Agronomist,React,57,60,3,4,1.0,LOW
c7921477-6b90-40a1-8f4c-25e1edcbe553,Agronomist,FastAPI,45,82,37,2,2.5,LOW
858acc0c-6031-449d-b8cd-21ecd32563a2,Software Engineer,Soil Health,57,78,21,4,2.8,LOW
858acc0c-6031-449d-b8cd-21ecd32563a2,Software Engineer,Crop Science,38,63,25,5,4.2,MEDIUM
858acc0c-6031-449d-b8cd-21ecd32563a2,Software Engineer,Irrigation Systems,38,90,52,1,1.7,LOW
858acc0c-6031-449d-b8cd-21ecd32563a2,Software Engineer,Pest Control,24,65,41,3,4.1,MEDIUM
858acc0c-6031-449d-b8cd-21ecd32563a2,Software Engineer,Data Analysis,30,88,58,5,9.7,HIGH
858acc0c-6031-449d-b8cd-21ecd32563a2,Software Engineer,Precision Agriculture,43,76,33,3,3.3,MEDIUM
858acc0c-6031-449d-b8cd-21ecd32563a2,Software Engineer,IoT Sensors,73,64,-9,1,0.0,ACHIEVED
858acc0c-6031-449d-b8cd-21ecd32563a2,Software Engineer,Farm Management,50,63,13,2,1.0,LOW
858acc0c-6031-449d-b8cd-21ecd32563a2,Software Engineer,Python,80,73,-7,1,0.0,ACHIEVED
858acc0c-6031-449d-b8cd-21ecd32563a2,Software Engineer,Machine Learning,51,88,37,4,4.9,MEDIUM
858acc0c-6031-449d-b8cd-21ecd32563a2,Software Engineer,SQL,52,67,15,1,1.0,LOW
858acc0c-6031-449d-b8cd-21ecd32563a2,Software Engineer,React,61,65,4,2,1.0,LOW
858acc0c-6031-449d-b8cd-21ecd32563a2,Software Engineer,FastAPI,19,74,55,2,3.7,MEDIUM
6217000e-e5b3-4abe-89c9-acbf044a51a0,ML Engineer,Soil Health,27,87,60,2,4.0,MEDIUM
6217000e-e5b3-4abe-89c9-acbf044a51a0,ML Engineer,Crop Science,92,71,-21,1,0.0,ACHIEVED
6217000e-e5b3-4abe-89c9-acbf044a51a0,ML Engineer,Irrigation Systems,67,69,2,2,1.0,LOW
6217000e-e5b3-4abe-89c9-acbf044a51a0,ML Engineer,Pest Control,38,70,32,2,2.1,LOW
6217000e-e5b3-4abe-89c9-acbf044a51a0,ML Engineer,Data Analysis,33,60,27,3,2.7,LOW
6217000e-e5b3-4abe-89c9-acbf044a51a0,ML Engineer,Precision Agriculture,38,71,33,4,4.4,MEDIUM
6217000e-e5b3-4abe-89c9-acbf044a51a0,ML Engineer,IoT Sensors,40,86,46,4,6.1,HIGH
6217000e-e5b3-4abe-89c9-acbf044a51a0,ML Engineer,Farm Management,85,81,-4,4,0.0,ACHIEVED
6217000e-e5b3-4abe-89c9-acbf044a51a0,ML Engineer,Python,79,75,-4,5,0.0,ACHIEVED
6217000e-e5b3-4abe-89c9-acbf044a51a0,ML Engineer,Machine Learning,13,62,49,4,6.5,HIGH
6217000e-e5b3-4abe-89c9-acbf044a51a0,ML Engineer,SQL,59,64,5,5,1.0,LOW
6217000e-e5b3-4abe-89c9-acbf044a51a0,ML Engineer,React,44,63,19,2,1.3,LOW
6217000e-e5b3-4abe-89c9-acbf044a51a0,ML Engineer,FastAPI,99,82,-17,1,0.0,ACHIEVED
ed8c9dcb-50c5-4312-95c0-12acee392f6b,Farm Manager,Soil Health,7,83,76,5,12.7,HIGH
ed8c9dcb-50c5-4312-95c0-12acee392f6b,Farm Manager,Crop Science,69,78,9,1,1.0,LOW
ed8c9dcb-50c5-4312-95c0-12acee392f6b,Farm Manager,Irrigation Systems,77,62,-15,5,0.0,ACHIEVED
ed8c9dcb-50c5-4312-95c0-12acee392f6b,Farm Manager,Pest Control,80,86,6,3,1.0,LOW
ed8c9dcb-50c5-4312-95c0-12acee392f6b,Farm Manager,Data Analysis,24,82,58,1,1.9,LOW
ed8c9dcb-50c5-4312-95c0-12acee392f6b,Farm Manager,Precision Agriculture,38,89,51,5,8.5,HIGH
ed8c9dcb-50c5-4312-95c0-12acee392f6b,Farm Manager,IoT Sensors,72,75,3,5,1.0,LOW
ed8c9dcb-50c5-4312-95c0-12acee392f6b,Farm Manager,Farm Management,58,81,23,4,3.1,MEDIUM
ed8c9dcb-50c5-4312-95c0-12acee392f6b,Farm Manager,Python,74,62,-12,3,0.0,ACHIEVED
ed8c9dcb-50c5-4312-95c0-12acee392f6b,Farm Manager,Machine Learning,55,60,5,3,1.0,LOW
ed8c9dcb-50c5-4312-95c0-12acee392f6b,Farm Manager,SQL,83,71,-12,2,0.0,ACHIEVED
ed8c9dcb-50c5-4312-95c0-12acee392f6b,Farm Manager,React,12,63,51,3,5.1,MEDIUM
ed8c9dcb-50c5-4312-95c0-12acee392f6b,Farm Manager,FastAPI,29,66,37,1,1.2,LOW
ca4a5a33-c9e9-4e99-9e04-984160d1e888,ML Engineer,Soil Health,42,82,40,4,5.3,MEDIUM
ca4a5a33-c9e9-4e99-9e04-984160d1e888,ML Engineer,Crop Science,19,86,67,4,8.9,HIGH
ca4a5a33-c9e9-4e99-9e04-984160d1e888,ML Engineer,Irrigation Systems,80,65,-15,4,0.0,ACHIEVED
ca4a5a33-c9e9-4e99-9e04-984160d1e888,ML Engineer,Pest Control,21,70,49,5,8.2,HIGH
ca4a5a33-c9e9-4e99-9e04-984160d1e888,ML Engineer,Data Analysis,77,88,11,4,1.5,LOW
ca4a5a33-c9e9-4e99-9e04-984160d1e888,ML Engineer,Precision Agriculture,55,76,21,2,1.4,LOW
ca4a5a33-c9e9-4e99-9e04-984160d1e888,ML Engineer,IoT Sensors,48,75,27,3,2.7,LOW
ca4a5a33-c9e9-4e99-9e04-984160d1e888,ML Engineer,Farm Management,15,90,75,3,7.5,HIGH
ca4a5a33-c9e9-4e99-9e04-984160d1e888,ML Engineer,Python,41,72,31,5,5.2,MEDIUM
ca4a5a33-c9e9-4e99-9e04-984160d1e888,ML Engineer,Machine Learning,7,89,82,2,5.5,MEDIUM
ca4a5a33-c9e9-4e99-9e04-984160d1e888,ML Engineer,SQL,8,90,82,4,10.9,HIGH
ca4a5a33-c9e9-4e99-9e04-984160d1e888,ML Engineer,React,84,85,1,3,1.0,LOW
ca4a5a33-c9e9-4e99-9e04-984160d1e888,ML Engineer,FastAPI,25,90,65,5,10.8,HIGH
18fc9586-5ae1-4ae4-913d-b886653e2459,Farm Manager,Soil Health,100,73,-27,3,0.0,ACHIEVED
18fc9586-5ae1-4ae4-913d-b886653e2459,Farm Manager,Crop Science,3,78,75,4,10.0,HIGH
18fc9586-5ae1-4ae4-913d-b886653e2459,Farm Manager,Irrigation Systems,13,63,50,1,1.7,LOW
18fc9586-5ae1-4ae4-913d-b886653e2459,Farm Manager,Pest Control,98,60,-38,4,0.0,ACHIEVED
18fc9586-5ae1-4ae4-913d-b886653e2459,Farm Manager,Data Analysis,79,65,-14,2,0.0,ACHIEVED
18fc9586-5ae1-4ae4-913d-b886653e2459,Farm Manager,Precision Agriculture,16,86,70,3,7.0,HIGH
18fc9586-5ae1-4ae4-913d-b886653e2459,Farm Manager,IoT Sensors,67,78,11,3,1.1,LOW
18fc9586-5ae1-4ae4-913d-b886653e2459,Farm Manager,Farm Management,70,90,20,3,2.0,LOW
18fc9586-5ae1-4ae4-913d-b886653e2459,Farm Manager,Python,60,60,0,1,0.0,ACHIEVED
18fc9586-5ae1-4ae4-913d-b886653e2459,Farm Manager,Machine Learning,70,69,-1,2,0.0,ACHIEVED
18fc9586-5ae1-4ae4-913d-b886653e2459,Farm Manager,SQL,13,66,53,3,5.3,MEDIUM
18fc9586-5ae1-4ae4-913d-b886653e2459,Farm Manager,React,18,62,44,1,1.5,LOW
18fc9586-5ae1-4ae4-913d-b886653e2459,Farm Manager,FastAPI,59,72,13,3,1.3,LOW
addb0de3-23f5-4391-8238-31f934bac819,Software Engineer,Soil Health,93,88,-5,3,0.0,ACHIEVED
addb0de3-23f5-4391-8238-31f934bac819,Software Engineer,Crop Science,82,71,-11,1,0.0,ACHIEVED
addb0de3-23f5-4391-8238-31f934bac819,Software Engineer,Irrigation Systems,47,79,32,2,2.1,LOW
addb0de3-23f5-4391-8238-31f934bac819,Software Engineer,Pest Control,74,71,-3,5,0.0,ACHIEVED
addb0de3-23f5-4391-8238-31f934bac819,Software Engineer,Data Analysis,12,74,62,3,6.2,HIGH
addb0de3-23f5-4391-8238-31f934bac819,Software Engineer,Precision Agriculture,32,80,48,3,4.8,MEDIUM
addb0de3-23f5-4391-8238-31f934bac819,Software Engineer,IoT Sensors,66,85,19,2,1.3,LOW
addb0de3-23f5-4391-8238-31f934bac819,Software Engineer,Farm Management,93,66,-27,5,0.0,ACHIEVED
addb0de3-23f5-4391-8238-31f934bac819,Software Engineer,Python,11,86,75,2,5.0,MEDIUM
addb0de3-23f5-4391-8238-31f934bac819,Software Engineer,Machine Learning,73,65,-8,2,0.0,ACHIEVED
addb0de3-23f5-4391-8238-31f934bac819,Software Engineer,SQL,56,77,21,4,2.8,LOW
addb0de3-23f5-4391-8238-31f934bac819,Software Engineer,React,9,75,66,5,11.0,HIGH
addb0de3-23f5-4391-8238-31f934bac819,Software Engineer,FastAPI,100,82,-18,5,0.0,ACHIEVED
ccd31a2d-1440-4e0c-9715-d0d0023954d5,Software Engineer,Soil Health,63,70,7,3,1.0,LOW
ccd31a2d-1440-4e0c-9715-d0d0023954d5,Software Engineer,Crop Science,100,64,-36,1,0.0,ACHIEVED
ccd31a2d-1440-4e0c-9715-d0d0023954d5,Software Engineer,Irrigation Systems,11,85,74,1,2.5,LOW
ccd31a2d-1440-4e0c-9715-d0d0023954d5,Software Engineer,Pest Control,76,89,13,1,1.0,LOW
ccd31a2d-1440-4e0c-9715-d0d0023954d5,Software Engineer,Data Analysis,56,68,12,3,1.2,LOW
ccd31a2d-1440-4e0c-9715-d0d0023954d5,Software Engineer,Precision Agriculture,66,60,-6,2,0.0,ACHIEVED
ccd31a2d-1440-4e0c-9715-d0d0023954d5,Software Engineer,IoT Sensors,77,80,3,2,1.0,LOW
ccd31a2d-1440-4e0c-9715-d0d0023954d5,Software Engineer,Farm Management,19,71,52,4,6.9,HIGH
ccd31a2d-1440-4e0c-9715-d0d0023954d5,Software Engineer,Python,25,65,40,2,2.7,LOW
ccd31a2d-1440-4e0c-9715-d0d0023954d5,Software Engineer,Machine Learning,89,76,-13,3,0.0,ACHIEVED
ccd31a2d-1440-4e0c-9715-d0d0023954d5,Software Engineer,SQL,32,63,31,4,4.1,MEDIUM
ccd31a2d-1440-4e0c-9715-d0d0023954d5,Software Engineer,React,98,84,-14,4,0.0,ACHIEVED
ccd31a2d-1440-4e0c-9715-d0d0023954d5,Software Engineer,FastAPI,45,78,33,4,4.4,MEDIUM
5f4226de-5696-4aba-85e0-64ca19cc1116,Data Scientist,Soil Health,40,69,29,2,1.9,LOW
5f4226de-5696-4aba-85e0-64ca19cc1116,Data Scientist,Crop Science,42,72,30,3,3.0,LOW
5f4226de-5696-4aba-85e0-64ca19cc1116,Data Scientist,Irrigation Systems,2,88,86,2,5.7,MEDIUM
5f4226de-5696-4aba-85e0-64ca19cc1116,Data Scientist,Pest Control,29,88,59,4,7.9,HIGH
5f4226de-5696-4aba-85e0-64ca19cc1116,Data Scientist,Data Analysis,88,89,1,1,1.0,LOW
5f4226de-5696-4aba-85e0-64ca19cc1116,Data Scientist,Precision Agriculture,44,72,28,5,4.7,MEDIUM
5f4226de-5696-4aba-85e0-64ca19cc1116,Data Scientist,IoT Sensors,51,71,20,2,1.3,LOW
5f4226de-5696-4aba-85e0-64ca19cc1116,Data Scientist,Farm Management,0,65,65,5,10.8,HIGH
5f4226de-5696-4aba-85e0-64ca19cc1116,Data Scientist,Python,55,86,31,3,3.1,MEDIUM
5f4226de-5696-4aba-85e0-64ca19cc1116,Data Scientist,Machine Learning,28,85,57,4,7.6,HIGH
5f4226de-5696-4aba-85e0-64ca19cc1116,Data Scientist,SQL,37,65,28,5,4.7,MEDIUM
5f4226de-5696-4aba-85e0-64ca19cc1116,Data Scientist,React,44,76,32,5,5.3,MEDIUM
5f4226de-5696-4aba-85e0-64ca19cc1116,Data Scientist,FastAPI,50,80,30,2,2.0,LOW
d3ad4611-4964-45fc-89e6-bfae32b933ab,Data Scientist,Soil Health,68,67,-1,3,0.0,ACHIEVED
d3ad4611-4964-45fc-89e6-bfae32b933ab,Data Scientist,Crop Science,57,74,17,5,2.8,LOW
d3ad4611-4964-45fc-89e6-bfae32b933ab,Data Scientist,Irrigation Systems,0,66,66,3,6.6,HIGH
d3ad4611-4964-45fc-89e6-bfae32b933ab,Data Scientist,Pest Control,85,61,-24,1,0.0,ACHIEVED
d3ad4611-4964-45fc-89e6-bfae32b933ab,Data Scientist,Data Analysis,32,81,49,4,6.5,HIGH
d3ad4611-4964-45fc-89e6-bfae32b933ab,Data Scientist,Precision Agriculture,50,65,15,2,1.0,LOW
d3ad4611-4964-45fc-89e6-bfae32b933ab,Data Scientist,IoT Sensors,39,70,31,4,4.1,MEDIUM
d3ad4611-4964-45fc-89e6-bfae32b933ab,Data Scientist,Farm Management,14,87,73,3,7.3,HIGH
d3ad4611-4964-45fc-89e6-bfae32b933ab,Data Scientist,Python,42,61,19,2,1.3,LOW
d3ad4611-4964-45fc-89e6-bfae32b933ab,Data Scientist,Machine Learning,43,72,29,1,1.0,LOW
d3ad4611-4964-45fc-89e6-bfae32b933ab,Data Scientist,SQL,52,90,38,1,1.3,LOW
d3ad4611-4964-45fc-89e6-bfae32b933ab,Data Scientist,React,43,84,41,3,4.1,MEDIUM
d3ad4611-4964-45fc-89e6-bfae32b933ab,Data Scientist,FastAPI,53,80,27,1,1.0,LOW
57d5e1ca-2c77-4fb7-8631-92066d30e222,ML Engineer,Soil Health,56,77,21,3,2.1,LOW
57d5e1ca-2c77-4fb7-8631-92066d30e222,ML Engineer,Crop Science,34,82,48,2,3.2,MEDIUM
57d5e1ca-2c77-4fb7-8631-92066d30e222,ML Engineer,Irrigation Systems,58,60,2,3,1.0,LOW
57d5e1ca-2c77-4fb7-8631-92066d30e222,ML Engineer,Pest Control,3,84,81,2,5.4,MEDIUM
57d5e1ca-2c77-4fb7-8631-92066d30e222,ML Engineer,Data Analysis,90,74,-16,4,0.0,ACHIEVED
57d5e1ca-2c77-4fb7-8631-92066d30e222,ML Engineer,Precision Agriculture,17,67,50,5,8.3,HIGH
57d5e1ca-2c77-4fb7-8631-92066d30e222,ML Engineer,IoT Sensors,88,63,-25,4,0.0,ACHIEVED
57d5e1ca-2c77-4fb7-8631-92066d30e222,ML Engineer,Farm Management,92,71,-21,2,0.0,ACHIEVED
57d5e1ca-2c77-4fb7-8631-92066d30e222,ML Engineer,Python,30,65,35,2,2.3,LOW
57d5e1ca-2c77-4fb7-8631-92066d30e222,ML Engineer,Machine Learning,39,87,48,2,3.2,MEDIUM
57d5e1ca-2c77-4fb7-8631-92066d30e222,ML Engineer,SQL,93,84,-9,2,0.0,ACHIEVED
57d5e1ca-2c77-4fb7-8631-92066d30e222,ML Engineer,React,6,79,73,2,4.9,MEDIUM
57d5e1ca-2c77-4fb7-8631-92066d30e222,ML Engineer,FastAPI,96,65,-31,1,0.0,ACHIEVED
5d1aaa6b-fcf7-411b-bf56-8d96a07e7965,Software Engineer,Soil Health,85,65,-20,5,0.0,ACHIEVED
5d1aaa6b-fcf7-411b-bf56-8d96a07e7965,Software Engineer,Crop Science,96,70,-26,5,0.0,ACHIEVED
5d1aaa6b-fcf7-411b-bf56-8d96a07e7965,Software Engineer,Irrigation Systems,6,66,60,5,10.0,HIGH
5d1aaa6b-fcf7-411b-bf56-8d96a07e7965,Software Engineer,Pest Control,44,75,31,4,4.1,MEDIUM
5d1aaa6b-fcf7-411b-bf56-8d96a07e7965,Software Engineer,Data Analysis,62,69,7,2,1.0,LOW
5d1aaa6b-fcf7-411b-bf56-8d96a07e7965,Software Engineer,Precision Agriculture,70,67,-3,3,0.0,ACHIEVED
5d1aaa6b-fcf7-411b-bf56-8d96a07e7965,Software Engineer,IoT Sensors,76,64,-12,2,0.0,ACHIEVED
5d1aaa6b-fcf7-411b-bf56-8d96a07e7965,Software Engineer,Farm Management,92,79,-13,1,0.0,ACHIEVED
5d1aaa6b-fcf7-411b-bf56-8d96a07e7965,Software Engineer,Python,73,60,-13,1,0.0,ACHIEVED
5d1aaa6b-fcf7-411b-bf56-8d96a07e7965,Software Engineer,Machine Learning,98,81,-17,3,0.0,ACHIEVED
5d1aaa6b-fcf7-411b-bf56-8d96a07e7965,Software Engineer,SQL,64,85,21,1,1.0,LOW
5d1aaa6b-fcf7-411b-bf56-8d96a07e7965,Software Engineer,React,97,85,-12,5,0.0,ACHIEVED
5d1aaa6b-fcf7-411b-bf56-8d96a07e7965,Software Engineer,FastAPI,87,81,-6,2,0.0,ACHIEVED
5c3b0ffa-f05f-43b6-a047-fe07e4e1547b,Agronomist,Soil Health,82,83,1,1,1.0,LOW
5c3b0ffa-f05f-43b6-a047-fe07e4e1547b,Agronomist,Crop Science,49,72,23,4,3.1,MEDIUM
5c3b0ffa-f05f-43b6-a047-fe07e4e1547b,Agronomist,Irrigation Systems,63,77,14,5,2.3,LOW
5c3b0ffa-f05f-43b6-a047-fe07e4e1547b,Agronomist,Pest Control,93,86,-7,3,0.0,ACHIEVED
5c3b0ffa-f05f-43b6-a047-fe07e4e1547b,Agronomist,Data Analysis,63,70,7,5,1.2,LOW
5c3b0ffa-f05f-43b6-a047-fe07e4e1547b,Agronomist,Precision Agriculture,56,71,15,3,1.5,LOW
5c3b0ffa-f05f-43b6-a047-fe07e4e1547b,Agronomist,IoT Sensors,70,71,1,5,1.0,LOW
5c3b0ffa-f05f-43b6-a047-fe07e4e1547b,Agronomist,Farm Management,50,77,27,4,3.6,MEDIUM
5c3b0ffa-f05f-43b6-a047-fe07e4e1547b,Agronomist,Python,5,68,63,5,10.5,HIGH
5c3b0ffa-f05f-43b6-a047-fe07e4e1547b,Agronomist,Machine Learning,42,75,33,4,4.4,MEDIUM
5c3b0ffa-f05f-43b6-a047-fe07e4e1547b,Agronomist,SQL,91,75,-16,1,0.0,ACHIEVED
5c3b0ffa-f05f-43b6-a047-fe07e4e1547b,Agronomist,React,95,71,-24,2,0.0,ACHIEVED
5c3b0ffa-f05f-43b6-a047-fe07e4e1547b,Agronomist,FastAPI,11,83,72,4,9.6,HIGH
1eee1f06-0134-4e19-b399-725e0171e9bd,ML Engineer,Soil Health,19,60,41,3,4.1,MEDIUM
1eee1f06-0134-4e19-b399-725e0171e9bd,ML Engineer,Crop Science,84,90,6,5,1.0,LOW
1eee1f06-0134-4e19-b399-725e0171e9bd,ML Engineer,Irrigation Systems,62,69,7,4,1.0,LOW
1eee1f06-0134-4e19-b399-725e0171e9bd,ML Engineer,Pest Control,63,68,5,1,1.0,LOW
1eee1f06-0134-4e19-b399-725e0171e9bd,ML Engineer,Data Analysis,48,62,14,4,1.9,LOW
1eee1f06-0134-4e19-b399-725e0171e9bd,ML Engineer,Precision Agriculture,45,80,35,2,2.3,LOW
1eee1f06-0134-4e19-b399-725e0171e9bd,ML Engineer,IoT Sensors,64,87,23,3,2.3,LOW
1eee1f06-0134-4e19-b399-725e0171e9bd,ML Engineer,Farm Management,37,60,23,5,3.8,MEDIUM
1eee1f06-0134-4e19-b399-725e0171e9bd,ML Engineer,Python,25,84,59,3,5.9,MEDIUM
1eee1f06-0134-4e19-b399-725e0171e9bd,ML Engineer,Machine Learning,70,70,0,5,0.0,ACHIEVED
1eee1f06-0134-4e19-b399-725e0171e9bd,ML Engineer,SQL,38,89,51,1,1.7,LOW
1eee1f06-0134-4e19-b399-725e0171e9bd,ML Engineer,React,0,82,82,3,8.2,HIGH
1eee1f06-0134-4e19-b399-725e0171e9bd,ML Engineer,FastAPI,25,61,36,2,2.4,LOW
367bbc59-3be7-4b61-97b3-47054646b0f6,Agronomist,Soil Health,51,74,23,1,1.0,LOW
367bbc59-3be7-4b61-97b3-47054646b0f6,Agronomist,Crop Science,49,71,22,4,2.9,LOW
367bbc59-3be7-4b61-97b3-47054646b0f6,Agronomist,Irrigation Systems,41,64,23,3,2.3,LOW
367bbc59-3be7-4b61-97b3-47054646b0f6,Agronomist,Pest Control,51,61,10,4,1.3,LOW
367bbc59-3be7-4b61-97b3-47054646b0f6,Agronomist,Data Analysis,88,77,-11,3,0.0,ACHIEVED
367bbc59-3be7-4b61-97b3-47054646b0f6,Agronomist,Precision Agriculture,12,69,57,3,5.7,MEDIUM
367bbc59-3be7-4b61-97b3-47054646b0f6,Agronomist,IoT Sensors,0,74,74,4,9.9,HIGH
367bbc59-3be7-4b61-97b3-47054646b0f6,Agronomist,Farm Management,63,62,-1,4,0.0,ACHIEVED
367bbc59-3be7-4b61-97b3-47054646b0f6,Agronomist,Python,83,78,-5,5,0.0,ACHIEVED
367bbc59-3be7-4b61-97b3-47054646b0f6,Agronomist,Machine Learning,59,65,6,4,1.0,LOW
367bbc59-3be7-4b61-97b3-47054646b0f6,Agronomist,SQL,75,81,6,1,1.0,LOW
367bbc59-3be7-4b61-97b3-47054646b0f6,Agronomist,React,88,82,-6,3,0.0,ACHIEVED
367bbc59-3be7-4b61-97b3-47054646b0f6,Agronomist,FastAPI,59,88,29,2,1.9,LOW
ff8c3db6-cfe8-4a96-a58d-4eb6b73d81dd,Software Engineer,Soil Health,56,68,12,1,1.0,LOW
ff8c3db6-cfe8-4a96-a58d-4eb6b73d81dd,Software Engineer,Crop Science,2,68,66,3,6.6,HIGH
ff8c3db6-cfe8-4a96-a58d-4eb6b73d81dd,Software Engineer,Irrigation Systems,25,90,65,1,2.2,LOW
ff8c3db6-cfe8-4a96-a58d-4eb6b73d81dd,Software Engineer,Pest Control,98,79,-19,1,0.0,ACHIEVED
ff8c3db6-cfe8-4a96-a58d-4eb6b73d81dd,Software Engineer,Data Analysis,80,60,-20,3,0.0,ACHIEVED
ff8c3db6-cfe8-4a96-a58d-4eb6b73d81dd,Software Engineer,Precision Agriculture,18,70,52,4,6.9,HIGH
ff8c3db6-cfe8-4a96-a58d-4eb6b73d81dd,Software Engineer,IoT Sensors,4,72,68,5,11.3,HIGH
ff8c3db6-cfe8-4a96-a58d-4eb6b73d81dd,Software Engineer,Farm Management,41,81,40,5,6.7,HIGH
ff8c3db6-cfe8-4a96-a58d-4eb6b73d81dd,Software Engineer,Python,40,89,49,2,3.3,MEDIUM
ff8c3db6-cfe8-4a96-a58d-4eb6b73d81dd,Software Engineer,Machine Learning,42,68,26,5,4.3,MEDIUM
ff8c3db6-cfe8-4a96-a58d-4eb6b73d81dd,Software Engineer,SQL,35,79,44,4,5.9,MEDIUM
ff8c3db6-cfe8-4a96-a58d-4eb6b73d81dd,Software Engineer,React,88,62,-26,4,0.0,ACHIEVED
ff8c3db6-cfe8-4a96-a58d-4eb6b73d81dd,Software Engineer,FastAPI,73,67,-6,2,0.0,ACHIEVED
485e68fe-4f9a-4ea4-88c9-35f128497c08,ML Engineer,Soil Health,57,89,32,4,4.3,MEDIUM
485e68fe-4f9a-4ea4-88c9-35f128497c08,ML Engineer,Crop Science,61,90,29,2,1.9,LOW
485e68fe-4f9a-4ea4-88c9-35f128497c08,ML Engineer,Irrigation Systems,68,69,1,2,1.0,LOW
485e68fe-4f9a-4ea4-88c9-35f128497c08,ML Engineer,Pest Control,45,85,40,4,5.3,MEDIUM
485e68fe-4f9a-4ea4-88c9-35f128497c08,ML Engineer,Data Analysis,3,82,79,2,5.3,MEDIUM
485e68fe-4f9a-4ea4-88c9-35f128497c08,ML Engineer,Precision Agriculture,45,69,24,5,4.0,MEDIUM
485e68fe-4f9a-4ea4-88c9-35f128497c08,ML Engineer,IoT Sensors,28,74,46,1,1.5,LOW
485e68fe-4f9a-4ea4-88c9-35f128497c08,ML Engineer,Farm Management,8,75,67,5,11.2,HIGH
485e68fe-4f9a-4ea4-88c9-35f128497c08,ML Engineer,Python,54,73,19,1,1.0,LOW
485e68fe-4f9a-4ea4-88c9-35f128497c08,ML Engineer,Machine Learning,99,86,-13,5,0.0,ACHIEVED
485e68fe-4f9a-4ea4-88c9-35f128497c08,ML Engineer,SQL,51,64,13,3,1.3,LOW
485e68fe-4f9a-4ea4-88c9-35f128497c08,ML Engineer,React,73,65,-8,4,0.0,ACHIEVED
485e68fe-4f9a-4ea4-88c9-35f128497c08,ML Engineer,FastAPI,69,64,-5,3,0.0,ACHIEVED
09ba345d-6bbf-4bd4-928d-e8a7fb8d7030,Farm Manager,Soil Health,1,86,85,1,2.8,LOW
09ba345d-6bbf-4bd4-928d-e8a7fb8d7030,Farm Manager,Crop Science,32,68,36,5,6.0,MEDIUM
09ba345d-6bbf-4bd4-928d-e8a7fb8d7030,Farm Manager,Irrigation Systems,83,77,-6,3,0.0,ACHIEVED
09ba345d-6bbf-4bd4-928d-e8a7fb8d7030,Farm Manager,Pest Control,87,90,3,4,1.0,LOW
09ba345d-6bbf-4bd4-928d-e8a7fb8d7030,Farm Manager,Data Analysis,97,76,-21,3,0.0,ACHIEVED
09ba345d-6bbf-4bd4-928d-e8a7fb8d7030,Farm Manager,Precision Agriculture,26,86,60,2,4.0,MEDIUM
09ba345d-6bbf-4bd4-928d-e8a7fb8d7030,Farm Manager,IoT Sensors,6,71,65,5,10.8,HIGH
09ba345d-6bbf-4bd4-928d-e8a7fb8d7030,Farm Manager,Farm Management,41,86,45,4,6.0,MEDIUM
09ba345d-6bbf-4bd4-928d-e8a7fb8d7030,Farm Manager,Python,49,77,28,2,1.9,LOW
09ba345d-6bbf-4bd4-928d-e8a7fb8d7030,Farm Manager,Machine Learning,39,68,29,5,4.8,MEDIUM
09ba345d-6bbf-4bd4-928d-e8a7fb8d7030,Farm Manager,SQL,23,67,44,5,7.3,HIGH
09ba345d-6bbf-4bd4-928d-e8a7fb8d7030,Farm Manager,React,63,83,20,1,1.0,LOW
09ba345d-6bbf-4bd4-928d-e8a7fb8d7030,Farm Manager,FastAPI,65,80,15,4,2.0,LOW
8cf243e7-fb27-4043-964e-d70a9a3aadf1,Data Scientist,Soil Health,8,64,56,3,5.6,MEDIUM
8cf243e7-fb27-4043-964e-d70a9a3aadf1,Data Scientist,Crop Science,80,69,-11,3,0.0,ACHIEVED
8cf243e7-fb27-4043-964e-d70a9a3aadf1,Data Scientist,Irrigation Systems,29,78,49,3,4.9,MEDIUM
8cf243e7-fb27-4043-964e-d70a9a3aadf1,Data Scientist,Pest Control,25,89,64,5,10.7,HIGH
8cf243e7-fb27-4043-964e-d70a9a3aadf1,Data Scientist,Data Analysis,13,88,75,3,7.5,HIGH
8cf243e7-fb27-4043-964e-d70a9a3aadf1,Data Scientist,Precision Agriculture,30,83,53,1,1.8,LOW
8cf243e7-fb27-4043-964e-d70a9a3aadf1,Data Scientist,IoT Sensors,90,83,-7,4,0.0,ACHIEVED
8cf243e7-fb27-4043-964e-d70a9a3aadf1,Data Scientist,Farm Management,80,90,10,2,1.0,LOW
8cf243e7-fb27-4043-964e-d70a9a3aadf1,Data Scientist,Python,32,81,49,1,1.6,LOW
8cf243e7-fb27-4043-964e-d70a9a3aadf1,Data Scientist,Machine Learning,38,73,35,3,3.5,MEDIUM
8cf243e7-fb27-4043-964e-d70a9a3aadf1,Data Scientist,SQL,37,74,37,3,3.7,MEDIUM
8cf243e7-fb27-4043-964e-d70a9a3aadf1,Data Scientist,React,64,74,10,2,1.0,LOW
8cf243e7-fb27-4043-964e-d70a9a3aadf1,Data Scientist,FastAPI,9,72,63,2,4.2,MEDIUM
6b64a329-2d1d-4503-a1a5-553d1591892b,Farm Manager,Soil Health,76,90,14,4,1.9,LOW
6b64a329-2d1d-4503-a1a5-553d1591892b,Farm Manager,Crop Science,9,73,64,1,2.1,LOW
6b64a329-2d1d-4503-a1a5-553d1591892b,Farm Manager,Irrigation Systems,51,61,10,1,1.0,LOW
6b64a329-2d1d-4503-a1a5-553d1591892b,Farm Manager,Pest Control,43,63,20,4,2.7,LOW
6b64a329-2d1d-4503-a1a5-553d1591892b,Farm Manager,Data Analysis,51,84,33,5,5.5,MEDIUM
6b64a329-2d1d-4503-a1a5-553d1591892b,Farm Manager,Precision Agriculture,16,67,51,3,5.1,MEDIUM
6b64a329-2d1d-4503-a1a5-553d1591892b,Farm Manager,IoT Sensors,11,80,69,4,9.2,HIGH
6b64a329-2d1d-4503-a1a5-553d1591892b,Farm Manager,Farm Management,46,73,27,2,1.8,LOW
6b64a329-2d1d-4503-a1a5-553d1591892b,Farm Manager,Python,9,71,62,1,2.1,LOW
6b64a329-2d1d-4503-a1a5-553d1591892b,Farm Manager,Machine Learning,39,70,31,2,2.1,LOW
6b64a329-2d1d-4503-a1a5-553d1591892b,Farm Manager,SQL,34,67,33,2,2.2,LOW
6b64a329-2d1d-4503-a1a5-553d1591892b,Farm Manager,React,67,74,7,3,1.0,LOW
6b64a329-2d1d-4503-a1a5-553d1591892b,Farm Manager,FastAPI,39,81,42,2,2.8,LOW
0ec63b6b-9b39-434e-803c-faa7ddd69bce,Agronomist,Soil Health,11,60,49,1,1.6,LOW
0ec63b6b-9b39-434e-803c-faa7ddd69bce,Agronomist,Crop Science,59,60,1,4,1.0,LOW
0ec63b6b-9b39-434e-803c-faa7ddd69bce,Agronomist,Irrigation Systems,26,73,47,1,1.6,LOW
0ec63b6b-9b39-434e-803c-faa7ddd69bce,Agronomist,Pest Control,24,73,49,3,4.9,MEDIUM
0ec63b6b-9b39-434e-803c-faa7ddd69bce,Agronomist,Data Analysis,32,79,47,3,4.7,MEDIUM
0ec63b6b-9b39-434e-803c-faa7ddd69bce,Agronomist,Precision Agriculture,99,89,-10,5,0.0,ACHIEVED
0ec63b6b-9b39-434e-803c-faa7ddd69bce,Agronomist,IoT Sensors,40,64,24,2,1.6,LOW
0ec63b6b-9b39-434e-803c-faa7ddd69bce,Agronomist,Farm Management,17,73,56,3,5.6,MEDIUM
0ec63b6b-9b39-434e-803c-faa7ddd69bce,Agronomist,Python,51,76,25,3,2.5,LOW
0ec63b6b-9b39-434e-803c-faa7ddd69bce,Agronomist,Machine Learning,84,73,-11,3,0.0,ACHIEVED
0ec63b6b-9b39-434e-803c-faa7ddd69bce,Agronomist,SQL,77,77,0,5,0.0,ACHIEVED
0ec63b6b-9b39-434e-803c-faa7ddd69bce,Agronomist,React,23,79,56,2,3.7,MEDIUM
0ec63b6b-9b39-434e-803c-faa7ddd69bce,Agronomist,FastAPI,93,64,-29,4,0.0,ACHIEVED
715748ac-91ae-4bd0-b222-3e0ed664d714,Software Engineer,Soil Health,72,86,14,4,1.9,LOW
715748ac-91ae-4bd0-b222-3e0ed664d714,Software Engineer,Crop Science,52,63,11,5,1.8,LOW
715748ac-91ae-4bd0-b222-3e0ed664d714,Software Engineer,Irrigation Systems,13,78,65,2,4.3,MEDIUM
715748ac-91ae-4bd0-b222-3e0ed664d714,Software Engineer,Pest Control,9,79,70,3,7.0,HIGH
715748ac-91ae-4bd0-b222-3e0ed664d714,Software Engineer,Data Analysis,67,85,18,4,2.4,LOW
715748ac-91ae-4bd0-b222-3e0ed664d714,Software Engineer,Precision Agriculture,32,88,56,4,7.5,HIGH
715748ac-91ae-4bd0-b222-3e0ed664d714,Software Engineer,IoT Sensors,20,60,40,4,5.3,MEDIUM
715748ac-91ae-4bd0-b222-3e0ed664d714,Software Engineer,Farm Management,79,81,2,3,1.0,LOW
715748ac-91ae-4bd0-b222-3e0ed664d714,Software Engineer,Python,65,68,3,1,1.0,LOW
715748ac-91ae-4bd0-b222-3e0ed664d714,Software Engineer,Machine Learning,40,75,35,1,1.2,LOW
715748ac-91ae-4bd0-b222-3e0ed664d714,Software Engineer,SQL,86,76,-10,5,0.0,ACHIEVED
715748ac-91ae-4bd0-b222-3e0ed664d714,Software Engineer,React,80,79,-1,1,0.0,ACHIEVED
715748ac-91ae-4bd0-b222-3e0ed664d714,Software Engineer,FastAPI,49,80,31,2,2.1,LOW
a9e3176b-c529-4e86-8488-a2d15135b6a8,Agronomist,Soil Health,38,68,30,4,4.0,MEDIUM
a9e3176b-c529-4e86-8488-a2d15135b6a8,Agronomist,Crop Science,18,75,57,5,9.5,HIGH
a9e3176b-c529-4e86-8488-a2d15135b6a8,Agronomist,Irrigation Systems,94,72,-22,4,0.0,ACHIEVED
a9e3176b-c529-4e86-8488-a2d15135b6a8,Agronomist,Pest Control,57,65,8,5,1.3,LOW
a9e3176b-c529-4e86-8488-a2d15135b6a8,Agronomist,Data Analysis,68,87,19,1,1.0,LOW
a9e3176b-c529-4e86-8488-a2d15135b6a8,Agronomist,Precision Agriculture,76,75,-1,2,0.0,ACHIEVED
a9e3176b-c529-4e86-8488-a2d15135b6a8,Agronomist,IoT Sensors,21,68,47,3,4.7,MEDIUM
a9e3176b-c529-4e86-8488-a2d15135b6a8,Agronomist,Farm Management,30,61,31,2,2.1,LOW
a9e3176b-c529-4e86-8488-a2d15135b6a8,Agronomist,Python,21,78,57,1,1.9,LOW
a9e3176b-c529-4e86-8488-a2d15135b6a8,Agronomist,Machine Learning,62,76,14,1,1.0,LOW
a9e3176b-c529-4e86-8488-a2d15135b6a8,Agronomist,SQL,88,88,0,3,0.0,ACHIEVED
a9e3176b-c529-4e86-8488-a2d15135b6a8,Agronomist,React,1,73,72,4,9.6,HIGH
a9e3176b-c529-4e86-8488-a2d15135b6a8,Agronomist,FastAPI,2,60,58,2,3.9,MEDIUM
309a5398-b598-4195-880f-b00363045602,ML Engineer,Soil Health,67,78,11,2,1.0,LOW
309a5398-b598-4195-880f-b00363045602,ML Engineer,Crop Science,76,65,-11,4,0.0,ACHIEVED
309a5398-b598-4195-880f-b00363045602,ML Engineer,Irrigation Systems,15,90,75,1,2.5,LOW
309a5398-b598-4195-880f-b00363045602,ML Engineer,Pest Control,63,76,13,4,1.7,LOW
309a5398-b598-4195-880f-b00363045602,ML Engineer,Data Analysis,35,61,26,2,1.7,LOW
309a5398-b598-4195-880f-b00363045602,ML Engineer,Precision Agriculture,10,83,73,1,2.4,LOW
309a5398-b598-4195-880f-b00363045602,ML Engineer,IoT Sensors,63,68,5,4,1.0,LOW
309a5398-b598-4195-880f-b00363045602,ML Engineer,Farm Management,39,61,22,5,3.7,MEDIUM
309a5398-b598-4195-880f-b00363045602,ML Engineer,Python,78,89,11,5,1.8,LOW
309a5398-b598-4195-880f-b00363045602,ML Engineer,Machine Learning,28,81,53,2,3.5,MEDIUM
309a5398-b598-4195-880f-b00363045602,ML Engineer,SQL,60,85,25,4,3.3,MEDIUM
309a5398-b598-4195-880f-b00363045602,ML Engineer,React,88,64,-24,1,0.0,ACHIEVED
309a5398-b598-4195-880f-b00363045602,ML Engineer,FastAPI,74,74,0,1,0.0,ACHIEVED
b7d50d7e-a353-4fe6-af85-a4b3fc6a6deb,Software Engineer,Soil Health,47,60,13,2,1.0,LOW
b7d50d7e-a353-4fe6-af85-a4b3fc6a6deb,Software Engineer,Crop Science,5,78,73,1,2.4,LOW
b7d50d7e-a353-4fe6-af85-a4b3fc6a6deb,Software Engineer,Irrigation Systems,38,73,35,5,5.8,MEDIUM
b7d50d7e-a353-4fe6-af85-a4b3fc6a6deb,Software Engineer,Pest Control,33,68,35,3,3.5,MEDIUM
b7d50d7e-a353-4fe6-af85-a4b3fc6a6deb,Software Engineer,Data Analysis,74,84,10,3,1.0,LOW
b7d50d7e-a353-4fe6-af85-a4b3fc6a6deb,Software Engineer,Precision Agriculture,92,60,-32,3,0.0,ACHIEVED
b7d50d7e-a353-4fe6-af85-a4b3fc6a6deb,Software Engineer,IoT Sensors,32,88,56,2,3.7,MEDIUM
b7d50d7e-a353-4fe6-af85-a4b3fc6a6deb,Software Engineer,Farm Management,96,74,-22,1,0.0,ACHIEVED
b7d50d7e-a353-4fe6-af85-a4b3fc6a6deb,Software Engineer,Python,38,72,34,3,3.4,MEDIUM
b7d50d7e-a353-4fe6-af85-a4b3fc6a6deb,Software Engineer,Machine Learning,19,60,41,2,2.7,LOW
b7d50d7e-a353-4fe6-af85-a4b3fc6a6deb,Software Engineer,SQL,98,61,-37,5,0.0,ACHIEVED
b7d50d7e-a353-4fe6-af85-a4b3fc6a6deb,Software Engineer,React,29,62,33,1,1.1,LOW
b7d50d7e-a353-4fe6-af85-a4b3fc6a6deb,Software Engineer,FastAPI,30,83,53,2,3.5,MEDIUM
14df9e02-aeba-4e2d-94f8-952612823266,Agronomist,Soil Health,13,64,51,1,1.7,LOW
14df9e02-aeba-4e2d-94f8-952612823266,Agronomist,Crop Science,16,80,64,3,6.4,HIGH
14df9e02-aeba-4e2d-94f8-952612823266,Agronomist,Irrigation Systems,15,70,55,5,9.2,HIGH
14df9e02-aeba-4e2d-94f8-952612823266,Agronomist,Pest Control,91,60,-31,5,0.0,ACHIEVED
14df9e02-aeba-4e2d-94f8-952612823266,Agronomist,Data Analysis,21,60,39,2,2.6,LOW
14df9e02-aeba-4e2d-94f8-952612823266,Agronomist,Precision Agriculture,85,64,-21,5,0.0,ACHIEVED
14df9e02-aeba-4e2d-94f8-952612823266,Agronomist,IoT Sensors,90,78,-12,4,0.0,ACHIEVED
14df9e02-aeba-4e2d-94f8-952612823266,Agronomist,Farm Management,66,66,0,1,0.0,ACHIEVED
14df9e02-aeba-4e2d-94f8-952612823266,Agronomist,Python,41,74,33,5,5.5,MEDIUM
14df9e02-aeba-4e2d-94f8-952612823266,Agronomist,Machine Learning,25,61,36,3,3.6,MEDIUM
14df9e02-aeba-4e2d-94f8-952612823266,Agronomist,SQL,95,78,-17,4,0.0,ACHIEVED
14df9e02-aeba-4e2d-94f8-952612823266,Agronomist,React,57,70,13,1,1.0,LOW
14df9e02-aeba-4e2d-94f8-952612823266,Agronomist,FastAPI,21,61,40,3,4.0,MEDIUM
daef9643-ac55-467a-94a3-d477ada6efb1,Data Scientist,Soil Health,42,82,40,2,2.7,LOW
daef9643-ac55-467a-94a3-d477ada6efb1,Data Scientist,Crop Science,51,90,39,5,6.5,HIGH
daef9643-ac55-467a-94a3-d477ada6efb1,Data Scientist,Irrigation Systems,54,86,32,5,5.3,MEDIUM
daef9643-ac55-467a-94a3-d477ada6efb1,Data Scientist,Pest Control,57,71,14,4,1.9,LOW
daef9643-ac55-467a-94a3-d477ada6efb1,Data Scientist,Data Analysis,85,65,-20,4,0.0,ACHIEVED
daef9643-ac55-467a-94a3-d477ada6efb1,Data Scientist,Precision Agriculture,16,88,72,3,7.2,HIGH
daef9643-ac55-467a-94a3-d477ada6efb1,Data Scientist,IoT Sensors,64,84,20,2,1.3,LOW
daef9643-ac55-467a-94a3-d477ada6efb1,Data Scientist,Farm Management,29,64,35,2,2.3,LOW
daef9643-ac55-467a-94a3-d477ada6efb1,Data Scientist,Python,21,67,46,5,7.7,HIGH
daef9643-ac55-467a-94a3-d477ada6efb1,Data Scientist,Machine Learning,61,78,17,4,2.3,LOW
daef9643-ac55-467a-94a3-d477ada6efb1,Data Scientist,SQL,45,65,20,2,1.3,LOW
daef9643-ac55-467a-94a3-d477ada6efb1,Data Scientist,React,25,74,49,1,1.6,LOW
daef9643-ac55-467a-94a3-d477ada6efb1,Data Scientist,FastAPI,44,61,17,5,2.8,LOW
ee9592d4-7681-462b-a980-f85c773827de,Farm Manager,Soil Health,37,87,50,4,6.7,HIGH
ee9592d4-7681-462b-a980-f85c773827de,Farm Manager,Crop Science,69,88,19,4,2.5,LOW
ee9592d4-7681-462b-a980-f85c773827de,Farm Manager,Irrigation Systems,95,85,-10,3,0.0,ACHIEVED
ee9592d4-7681-462b-a980-f85c773827de,Farm Manager,Pest Control,44,70,26,1,1.0,LOW
ee9592d4-7681-462b-a980-f85c773827de,Farm Manager,Data Analysis,24,60,36,2,2.4,LOW
ee9592d4-7681-462b-a980-f85c773827de,Farm Manager,Precision Agriculture,82,88,6,4,1.0,LOW
ee9592d4-7681-462b-a980-f85c773827de,Farm Manager,IoT Sensors,18,74,56,4,7.5,HIGH
ee9592d4-7681-462b-a980-f85c773827de,Farm Manager,Farm Management,49,72,23,4,3.1,MEDIUM
ee9592d4-7681-462b-a980-f85c773827de,Farm Manager,Python,23,84,61,3,6.1,HIGH
ee9592d4-7681-462b-a980-f85c773827de,Farm Manager,Machine Learning,59,68,9,4,1.2,LOW
ee9592d4-7681-462b-a980-f85c773827de,Farm Manager,SQL,74,71,-3,1,0.0,ACHIEVED
ee9592d4-7681-462b-a980-f85c773827de,Farm Manager,React,7,61,54,3,5.4,MEDIUM
ee9592d4-7681-462b-a980-f85c773827de,Farm Manager,FastAPI,100,63,-37,3,0.0,ACHIEVED
50c50ef4-92c7-4c47-adf9-2abbbc39105f,Software Engineer,Soil Health,40,72,32,4,4.3,MEDIUM
50c50ef4-92c7-4c47-adf9-2abbbc39105f,Software Engineer,Crop Science,87,62,-25,3,0.0,ACHIEVED
50c50ef4-92c7-4c47-adf9-2abbbc39105f,Software Engineer,Irrigation Systems,81,79,-2,5,0.0,ACHIEVED
50c50ef4-92c7-4c47-adf9-2abbbc39105f,Software Engineer,Pest Control,17,64,47,1,1.6,LOW
50c50ef4-92c7-4c47-adf9-2abbbc39105f,Software Engineer,Data Analysis,19,79,60,4,8.0,HIGH
50c50ef4-92c7-4c47-adf9-2abbbc39105f,Software Engineer,Precision Agriculture,74,76,2,3,1.0,LOW
50c50ef4-92c7-4c47-adf9-2abbbc39105f,Software Engineer,IoT Sensors,99,76,-23,5,0.0,ACHIEVED
50c50ef4-92c7-4c47-adf9-2abbbc39105f,Software Engineer,Farm Management,54,64,10,4,1.3,LOW
50c50ef4-92c7-4c47-adf9-2abbbc39105f,Software Engineer,Python,81,71,-10,4,0.0,ACHIEVED
50c50ef4-92c7-4c47-adf9-2abbbc39105f,Software Engineer,Machine Learning,87,66,-21,1,0.0,ACHIEVED
50c50ef4-92c7-4c47-adf9-2abbbc39105f,Software Engineer,SQL,18,75,57,5,9.5,HIGH
50c50ef4-92c7-4c47-adf9-2abbbc39105f,Software Engineer,React,47,75,28,3,2.8,LOW
50c50ef4-92c7-4c47-adf9-2abbbc39105f,Software Engineer,FastAPI,63,86,23,4,3.1,MEDIUM
afd9eed2-e9f8-46ea-a724-c5f743956e61,Agronomist,Soil Health,43,78,35,4,4.7,MEDIUM
afd9eed2-e9f8-46ea-a724-c5f743956e61,Agronomist,Crop Science,66,81,15,5,2.5,LOW
afd9eed2-e9f8-46ea-a724-c5f743956e61,Agronomist,Irrigation Systems,36,65,29,4,3.9,MEDIUM
afd9eed2-e9f8-46ea-a724-c5f743956e61,Agronomist,Pest Control,27,82,55,1,1.8,LOW
afd9eed2-e9f8-46ea-a724-c5f743956e61,Agronomist,Data Analysis,85,61,-24,1,0.0,ACHIEVED
afd9eed2-e9f8-46ea-a724-c5f743956e61,Agronomist,Precision Agriculture,19,72,53,2,3.5,MEDIUM
afd9eed2-e9f8-46ea-a724-c5f743956e61,Agronomist,IoT Sensors,58,72,14,3,1.4,LOW
afd9eed2-e9f8-46ea-a724-c5f743956e61,Agronomist,Farm Management,71,83,12,1,1.0,LOW
afd9eed2-e9f8-46ea-a724-c5f743956e61,Agronomist,Python,79,81,2,4,1.0,LOW
afd9eed2-e9f8-46ea-a724-c5f743956e61,Agronomist,Machine Learning,18,82,64,2,4.3,MEDIUM
afd9eed2-e9f8-46ea-a724-c5f743956e61,Agronomist,SQL,55,72,17,2,1.1,LOW
afd9eed2-e9f8-46ea-a724-c5f743956e61,Agronomist,React,70,61,-9,1,0.0,ACHIEVED
afd9eed2-e9f8-46ea-a724-c5f743956e61,Agronomist,FastAPI,2,77,75,2,5.0,MEDIUM
c6235fe0-e0fe-452c-8fc9-73fcf3cad9d8,Data Scientist,Soil Health,54,73,19,2,1.3,LOW
c6235fe0-e0fe-452c-8fc9-73fcf3cad9d8,Data Scientist,Crop Science,37,74,37,5,6.2,HIGH
c6235fe0-e0fe-452c-8fc9-73fcf3cad9d8,Data Scientist,Irrigation Systems,31,62,31,5,5.2,MEDIUM
c6235fe0-e0fe-452c-8fc9-73fcf3cad9d8,Data Scientist,Pest Control,83,85,2,1,1.0,LOW
c6235fe0-e0fe-452c-8fc9-73fcf3cad9d8,Data Scientist,Data Analysis,58,77,19,4,2.5,LOW
c6235fe0-e0fe-452c-8fc9-73fcf3cad9d8,Data Scientist,Precision Agriculture,63,81,18,2,1.2,LOW
c6235fe0-e0fe-452c-8fc9-73fcf3cad9d8,Data Scientist,IoT Sensors,43,67,24,5,4.0,MEDIUM
c6235fe0-e0fe-452c-8fc9-73fcf3cad9d8,Data Scientist,Farm Management,30,80,50,3,5.0,MEDIUM
c6235fe0-e0fe-452c-8fc9-73fcf3cad9d8,Data Scientist,Python,96,64,-32,4,0.0,ACHIEVED
c6235fe0-e0fe-452c-8fc9-73fcf3cad9d8,Data Scientist,Machine Learning,90,69,-21,4,0.0,ACHIEVED
c6235fe0-e0fe-452c-8fc9-73fcf3cad9d8,Data Scientist,SQL,7,81,74,5,12.3,HIGH
c6235fe0-e0fe-452c-8fc9-73fcf3cad9d8,Data Scientist,React,96,86,-10,3,0.0,ACHIEVED
c6235fe0-e0fe-452c-8fc9-73fcf3cad9d8,Data Scientist,FastAPI,2,87,85,3,8.5,HIGH
d0722291-4ff7-42ae-8f36-978b0429fa0b,Agronomist,Soil Health,94,73,-21,4,0.0,ACHIEVED
d0722291-4ff7-42ae-8f36-978b0429fa0b,Agronomist,Crop Science,69,75,6,1,1.0,LOW
d0722291-4ff7-42ae-8f36-978b0429fa0b,Agronomist,Irrigation Systems,20,64,44,3,4.4,MEDIUM
d0722291-4ff7-42ae-8f36-978b0429fa0b,Agronomist,Pest Control,22,79,57,2,3.8,MEDIUM
d0722291-4ff7-42ae-8f36-978b0429fa0b,Agronomist,Data Analysis,3,88,85,5,14.2,HIGH
d0722291-4ff7-42ae-8f36-978b0429fa0b,Agronomist,Precision Agriculture,69,82,13,4,1.7,LOW
d0722291-4ff7-42ae-8f36-978b0429fa0b,Agronomist,IoT Sensors,97,68,-29,4,0.0,ACHIEVED
d0722291-4ff7-42ae-8f36-978b0429fa0b,Agronomist,Farm Management,34,64,30,3,3.0,LOW
d0722291-4ff7-42ae-8f36-978b0429fa0b,Agronomist,Python,30,73,43,5,7.2,HIGH
d0722291-4ff7-42ae-8f36-978b0429fa0b,Agronomist,Machine Learning,18,90,72,5,12.0,HIGH
d0722291-4ff7-42ae-8f36-978b0429fa0b,Agronomist,SQL,81,71,-10,3,0.0,ACHIEVED
d0722291-4ff7-42ae-8f36-978b0429fa0b,Agronomist,React,100,78,-22,2,0.0,ACHIEVED
d0722291-4ff7-42ae-8f36-978b0429fa0b,Agronomist,FastAPI,26,90,64,3,6.4,HIGH
194cd6f3-032c-474d-993e-cbbaaf54576a,Farm Manager,Soil Health,26,73,47,5,7.8,HIGH
194cd6f3-032c-474d-993e-cbbaaf54576a,Farm Manager,Crop Science,83,84,1,3,1.0,LOW
194cd6f3-032c-474d-993e-cbbaaf54576a,Farm Manager,Irrigation Systems,1,90,89,5,14.8,HIGH
194cd6f3-032c-474d-993e-cbbaaf54576a,Farm Manager,Pest Control,81,67,-14,3,0.0,ACHIEVED
194cd6f3-032c-474d-993e-cbbaaf54576a,Farm Manager,Data Analysis,95,61,-34,4,0.0,ACHIEVED
194cd6f3-032c-474d-993e-cbbaaf54576a,Farm Manager,Precision Agriculture,18,87,69,1,2.3,LOW
194cd6f3-032c-474d-993e-cbbaaf54576a,Farm Manager,IoT Sensors,97,67,-30,4,0.0,ACHIEVED
194cd6f3-032c-474d-993e-cbbaaf54576a,Farm Manager,Farm Management,96,65,-31,4,0.0,ACHIEVED
194cd6f3-032c-474d-993e-cbbaaf54576a,Farm Manager,Python,33,80,47,2,3.1,MEDIUM
194cd6f3-032c-474d-993e-cbbaaf54576a,Farm Manager,Machine Learning,83,79,-4,2,0.0,ACHIEVED
194cd6f3-032c-474d-993e-cbbaaf54576a,Farm Manager,SQL,83,82,-1,2,0.0,ACHIEVED
194cd6f3-032c-474d-993e-cbbaaf54576a,Farm Manager,React,82,67,-15,3,0.0,ACHIEVED
194cd6f3-032c-474d-993e-cbbaaf54576a,Farm Manager,FastAPI,89,79,-10,5,0.0,ACHIEVED
2282651e-efbc-4016-9386-e9139d0fcb7c,Farm Manager,Soil Health,50,71,21,2,1.4,LOW
2282651e-efbc-4016-9386-e9139d0fcb7c,Farm Manager,Crop Science,91,69,-22,3,0.0,ACHIEVED
2282651e-efbc-4016-9386-e9139d0fcb7c,Farm Manager,Irrigation Systems,70,76,6,3,1.0,LOW
2282651e-efbc-4016-9386-e9139d0fcb7c,Farm Manager,Pest Control,38,80,42,5,7.0,HIGH
2282651e-efbc-4016-9386-e9139d0fcb7c,Farm Manager,Data Analysis,66,83,17,1,1.0,LOW
2282651e-efbc-4016-9386-e9139d0fcb7c,Farm Manager,Precision Agriculture,96,60,-36,2,0.0,ACHIEVED
2282651e-efbc-4016-9386-e9139d0fcb7c,Farm Manager,IoT Sensors,88,86,-2,2,0.0,ACHIEVED
2282651e-efbc-4016-9386-e9139d0fcb7c,Farm Manager,Farm Management,86,83,-3,3,0.0,ACHIEVED
2282651e-efbc-4016-9386-e9139d0fcb7c,Farm Manager,Python,82,69,-13,4,0.0,ACHIEVED
2282651e-efbc-4016-9386-e9139d0fcb7c,Farm Manager,Machine Learning,68,84,16,4,2.1,LOW
2282651e-efbc-4016-9386-e9139d0fcb7c,Farm Manager,SQL,9,89,80,4,10.7,HIGH
2282651e-efbc-4016-9386-e9139d0fcb7c,Farm Manager,React,68,75,7,3,1.0,LOW
2282651e-efbc-4016-9386-e9139d0fcb7c,Farm Manager,FastAPI,93,70,-23,2,0.0,ACHIEVED
f23df765-1dd3-4dce-bf29-eaac5eee570d,Data Scientist,Soil Health,93,69,-24,3,0.0,ACHIEVED
f23df765-1dd3-4dce-bf29-eaac5eee570d,Data Scientist,Crop Science,31,78,47,1,1.6,LOW
f23df765-1dd3-4dce-bf29-eaac5eee570d,Data Scientist,Irrigation Systems,54,88,34,2,2.3,LOW
f23df765-1dd3-4dce-bf29-eaac5eee570d,Data Scientist,Pest Control,23,78,55,3,5.5,MEDIUM
f23df765-1dd3-4dce-bf29-eaac5eee570d,Data Scientist,Data Analysis,24,83,59,3,5.9,MEDIUM
f23df765-1dd3-4dce-bf29-eaac5eee570d,Data Scientist,Precision Agriculture,30,73,43,4,5.7,MEDIUM
f23df765-1dd3-4dce-bf29-eaac5eee570d,Data Scientist,IoT Sensors,74,88,14,1,1.0,LOW
f23df765-1dd3-4dce-bf29-eaac5eee570d,Data Scientist,Farm Management,51,68,17,4,2.3,LOW
f23df765-1dd3-4dce-bf29-eaac5eee570d,Data Scientist,Python,40,76,36,1,1.2,LOW
f23df765-1dd3-4dce-bf29-eaac5eee570d,Data Scientist,Machine Learning,96,73,-23,5,0.0,ACHIEVED
f23df765-1dd3-4dce-bf29-eaac5eee570d,Data Scientist,SQL,98,83,-15,5,0.0,ACHIEVED
f23df765-1dd3-4dce-bf29-eaac5eee570d,Data Scientist,React,93,64,-29,3,0.0,ACHIEVED
f23df765-1dd3-4dce-bf29-eaac5eee570d,Data Scientist,FastAPI,51,78,27,1,1.0,LOW
77e688d7-4c29-49b1-845a-e9ed88c92846,Farm Manager,Soil Health,99,63,-36,4,0.0,ACHIEVED
77e688d7-4c29-49b1-845a-e9ed88c92846,Farm Manager,Crop Science,87,71,-16,4,0.0,ACHIEVED
77e688d7-4c29-49b1-845a-e9ed88c92846,Farm Manager,Irrigation Systems,45,88,43,4,5.7,MEDIUM
77e688d7-4c29-49b1-845a-e9ed88c92846,Farm Manager,Pest Control,99,85,-14,1,0.0,ACHIEVED
77e688d7-4c29-49b1-845a-e9ed88c92846,Farm Manager,Data Analysis,24,70,46,1,1.5,LOW
77e688d7-4c29-49b1-845a-e9ed88c92846,Farm Manager,Precision Agriculture,53,77,24,4,3.2,MEDIUM
77e688d7-4c29-49b1-845a-e9ed88c92846,Farm Manager,IoT Sensors,65,67,2,3,1.0,LOW
77e688d7-4c29-49b1-845a-e9ed88c92846,Farm Manager,Farm Management,20,77,57,3,5.7,MEDIUM
77e688d7-4c29-49b1-845a-e9ed88c92846,Farm Manager,Python,19,62,43,5,7.2,HIGH
77e688d7-4c29-49b1-845a-e9ed88c92846,Farm Manager,Machine Learning,82,81,-1,4,0.0,ACHIEVED
77e688d7-4c29-49b1-845a-e9ed88c92846,Farm Manager,SQL,6,87,81,4,10.8,HIGH
77e688d7-4c29-49b1-845a-e9ed88c92846,Farm Manager,React,41,66,25,2,1.7,LOW
77e688d7-4c29-49b1-845a-e9ed88c92846,Farm Manager,FastAPI,80,69,-11,5,0.0,ACHIEVED
3a414e1f-57fd-4455-b3a1-e7654228a07c,Software Engineer,Soil Health,46,62,16,5,2.7,LOW
3a414e1f-57fd-4455-b3a1-e7654228a07c,Software Engineer,Crop Science,90,86,-4,2,0.0,ACHIEVED
3a414e1f-57fd-4455-b3a1-e7654228a07c,Software Engineer,Irrigation Systems,35,74,39,2,2.6,LOW
3a414e1f-57fd-4455-b3a1-e7654228a07c,Software Engineer,Pest Control,23,79,56,2,3.7,MEDIUM
3a414e1f-57fd-4455-b3a1-e7654228a07c,Software Engineer,Data Analysis,9,64,55,1,1.8,LOW
3a414e1f-57fd-4455-b3a1-e7654228a07c,Software Engineer,Precision Agriculture,49,76,27,2,1.8,LOW
3a414e1f-57fd-4455-b3a1-e7654228a07c,Software Engineer,IoT Sensors,66,85,19,5,3.2,MEDIUM
3a414e1f-57fd-4455-b3a1-e7654228a07c,Software Engineer,Farm Management,69,83,14,3,1.4,LOW
3a414e1f-57fd-4455-b3a1-e7654228a07c,Software Engineer,Python,34,62,28,1,1.0,LOW
3a414e1f-57fd-4455-b3a1-e7654228a07c,Software Engineer,Machine Learning,25,65,40,2,2.7,LOW
3a414e1f-57fd-4455-b3a1-e7654228a07c,Software Engineer,SQL,21,68,47,4,6.3,HIGH
3a414e1f-57fd-4455-b3a1-e7654228a07c,Software Engineer,React,13,79,66,2,4.4,MEDIUM
3a414e1f-57fd-4455-b3a1-e7654228a07c,Software Engineer,FastAPI,87,90,3,1,1.0,LOW
ff99b01c-cd85-4b59-8513-bc294a621ee5,ML Engineer,Soil Health,49,66,17,2,1.1,LOW
ff99b01c-cd85-4b59-8513-bc294a621ee5,ML Engineer,Crop Science,68,88,20,3,2.0,LOW
ff99b01c-cd85-4b59-8513-bc294a621ee5,ML Engineer,Irrigation Systems,49,72,23,4,3.1,MEDIUM
ff99b01c-cd85-4b59-8513-bc294a621ee5,ML Engineer,Pest Control,92,74,-18,2,0.0,ACHIEVED
ff99b01c-cd85-4b59-8513-bc294a621ee5,ML Engineer,Data Analysis,15,85,70,1,2.3,LOW
ff99b01c-cd85-4b59-8513-bc294a621ee5,ML Engineer,Precision Agriculture,93,90,-3,4,0.0,ACHIEVED
ff99b01c-cd85-4b59-8513-bc294a621ee5,ML Engineer,IoT Sensors,63,83,20,2,1.3,LOW
ff99b01c-cd85-4b59-8513-bc294a621ee5,ML Engineer,Farm Management,8,64,56,4,7.5,HIGH
ff99b01c-cd85-4b59-8513-bc294a621ee5,ML Engineer,Python,63,65,2,2,1.0,LOW
ff99b01c-cd85-4b59-8513-bc294a621ee5,ML Engineer,Machine Learning,28,80,52,2,3.5,MEDIUM
ff99b01c-cd85-4b59-8513-bc294a621ee5,ML Engineer,SQL,64,64,0,1,0.0,ACHIEVED
ff99b01c-cd85-4b59-8513-bc294a621ee5,ML Engineer,React,56,76,20,4,2.7,LOW
ff99b01c-cd85-4b59-8513-bc294a621ee5,ML Engineer,FastAPI,15,84,69,4,9.2,HIGH
1dff6307-4215-4749-a09e-b6231128dc6f,Software Engineer,Soil Health,28,74,46,5,7.7,HIGH
1dff6307-4215-4749-a09e-b6231128dc6f,Software Engineer,Crop Science,25,89,64,4,8.5,HIGH
1dff6307-4215-4749-a09e-b6231128dc6f,Software Engineer,Irrigation Systems,77,90,13,3,1.3,LOW
1dff6307-4215-4749-a09e-b6231128dc6f,Software Engineer,Pest Control,66,64,-2,2,0.0,ACHIEVED
1dff6307-4215-4749-a09e-b6231128dc6f,Software Engineer,Data Analysis,91,69,-22,2,0.0,ACHIEVED
1dff6307-4215-4749-a09e-b6231128dc6f,Software Engineer,Precision Agriculture,96,68,-28,5,0.0,ACHIEVED
1dff6307-4215-4749-a09e-b6231128dc6f,Software Engineer,IoT Sensors,23,82,59,5,9.8,HIGH
1dff6307-4215-4749-a09e-b6231128dc6f,Software Engineer,Farm Management,9,65,56,1,1.9,LOW
1dff6307-4215-4749-a09e-b6231128dc6f,Software Engineer,Python,97,65,-32,5,0.0,ACHIEVED
1dff6307-4215-4749-a09e-b6231128dc6f,Software Engineer,Machine Learning,85,72,-13,3,0.0,ACHIEVED
1dff6307-4215-4749-a09e-b6231128dc6f,Software Engineer,SQL,70,74,4,1,1.0,LOW
1dff6307-4215-4749-a09e-b6231128dc6f,Software Engineer,React,97,66,-31,4,0.0,ACHIEVED
1dff6307-4215-4749-a09e-b6231128dc6f,Software Engineer,FastAPI,58,76,18,5,3.0,LOW
4a4719e2-15de-415e-b3aa-d36f3ac2ec40,ML Engineer,Soil Health,53,71,18,4,2.4,LOW
4a4719e2-15de-415e-b3aa-d36f3ac2ec40,ML Engineer,Crop Science,87,88,1,1,1.0,LOW
4a4719e2-15de-415e-b3aa-d36f3ac2ec40,ML Engineer,Irrigation Systems,1,84,83,1,2.8,LOW
4a4719e2-15de-415e-b3aa-d36f3ac2ec40,ML Engineer,Pest Control,43,65,22,4,2.9,LOW
4a4719e2-15de-415e-b3aa-d36f3ac2ec40,ML Engineer,Data Analysis,49,62,13,4,1.7,LOW
4a4719e2-15de-415e-b3aa-d36f3ac2ec40,ML Engineer,Precision Agriculture,93,82,-11,3,0.0,ACHIEVED
4a4719e2-15de-415e-b3aa-d36f3ac2ec40,ML Engineer,IoT Sensors,63,66,3,4,1.0,LOW
4a4719e2-15de-415e-b3aa-d36f3ac2ec40,ML Engineer,Farm Management,69,82,13,4,1.7,LOW
4a4719e2-15de-415e-b3aa-d36f3ac2ec40,ML Engineer,Python,12,79,67,3,6.7,HIGH
4a4719e2-15de-415e-b3aa-d36f3ac2ec40,ML Engineer,Machine Learning,87,62,-25,5,0.0,ACHIEVED
4a4719e2-15de-415e-b3aa-d36f3ac2ec40,ML Engineer,SQL,52,72,20,5,3.3,MEDIUM
4a4719e2-15de-415e-b3aa-d36f3ac2ec40,ML Engineer,React,74,76,2,3,1.0,LOW
4a4719e2-15de-415e-b3aa-d36f3ac2ec40,ML Engineer,FastAPI,51,87,36,4,4.8,MEDIUM
fffdab08-b909-46f7-ac35-2992509e189c,Farm Manager,Soil Health,77,79,2,4,1.0,LOW
fffdab08-b909-46f7-ac35-2992509e189c,Farm Manager,Crop Science,63,64,1,4,1.0,LOW
fffdab08-b909-46f7-ac35-2992509e189c,Farm Manager,Irrigation Systems,89,61,-28,3,0.0,ACHIEVED
fffdab08-b909-46f7-ac35-2992509e189c,Farm Manager,Pest Control,84,80,-4,4,0.0,ACHIEVED
fffdab08-b909-46f7-ac35-2992509e189c,Farm Manager,Data Analysis,81,86,5,4,1.0,LOW
fffdab08-b909-46f7-ac35-2992509e189c,Farm Manager,Precision Agriculture,32,67,35,5,5.8,MEDIUM
fffdab08-b909-46f7-ac35-2992509e189c,Farm Manager,IoT Sensors,63,64,1,1,1.0,LOW
fffdab08-b909-46f7-ac35-2992509e189c,Farm Manager,Farm Management,75,75,0,1,0.0,ACHIEVED
fffdab08-b909-46f7-ac35-2992509e189c,Farm Manager,Python,43,71,28,2,1.9,LOW
fffdab08-b909-46f7-ac35-2992509e189c,Farm Manager,Machine Learning,91,84,-7,2,0.0,ACHIEVED
fffdab08-b909-46f7-ac35-2992509e189c,Farm Manager,SQL,94,88,-6,5,0.0,ACHIEVED
fffdab08-b909-46f7-ac35-2992509e189c,Farm Manager,React,78,60,-18,2,0.0,ACHIEVED
fffdab08-b909-46f7-ac35-2992509e189c,Farm Manager,FastAPI,43,69,26,1,1.0,LOW
01f84ef5-50bb-40be-9987-736737639146,Software Engineer,Soil Health,39,71,32,2,2.1,LOW
01f84ef5-50bb-40be-9987-736737639146,Software Engineer,Crop Science,7,78,71,5,11.8,HIGH
01f84ef5-50bb-40be-9987-736737639146,Software Engineer,Irrigation Systems,60,68,8,3,1.0,LOW
01f84ef5-50bb-40be-9987-736737639146,Software Engineer,Pest Control,85,67,-18,3,0.0,ACHIEVED
01f84ef5-50bb-40be-9987-736737639146,Software Engineer,Data Analysis,80,70,-10,5,0.0,ACHIEVED
01f84ef5-50bb-40be-9987-736737639146,Software Engineer,Precision Agriculture,9,66,57,5,9.5,HIGH
01f84ef5-50bb-40be-9987-736737639146,Software Engineer,IoT Sensors,6,90,84,1,2.8,LOW
01f84ef5-50bb-40be-9987-736737639146,Software Engineer,Farm Management,58,64,6,2,1.0,LOW
01f84ef5-50bb-40be-9987-736737639146,Software Engineer,Python,41,71,30,1,1.0,LOW
01f84ef5-50bb-40be-9987-736737639146,Software Engineer,Machine Learning,63,81,18,2,1.2,LOW
01f84ef5-50bb-40be-9987-736737639146,Software Engineer,SQL,39,80,41,2,2.7,LOW
01f84ef5-50bb-40be-9987-736737639146,Software Engineer,React,45,79,34,2,2.3,LOW
01f84ef5-50bb-40be-9987-736737639146,Software Engineer,FastAPI,34,89,55,3,5.5,MEDIUM
e182e0bb-2036-45f7-973b-f2adae19d5e7,Software Engineer,Soil Health,29,88,59,1,2.0,LOW
e182e0bb-2036-45f7-973b-f2adae19d5e7,Software Engineer,Crop Science,42,78,36,3,3.6,MEDIUM
e182e0bb-2036-45f7-973b-f2adae19d5e7,Software Engineer,Irrigation Systems,31,63,32,4,4.3,MEDIUM
e182e0bb-2036-45f7-973b-f2adae19d5e7,Software Engineer,Pest Control,1,77,76,3,7.6,HIGH
e182e0bb-2036-45f7-973b-f2adae19d5e7,Software Engineer,Data Analysis,70,60,-10,5,0.0,ACHIEVED
e182e0bb-2036-45f7-973b-f2adae19d5e7,Software Engineer,Precision Agriculture,20,73,53,5,8.8,HIGH
e182e0bb-2036-45f7-973b-f2adae19d5e7,Software Engineer,IoT Sensors,64,76,12,1,1.0,LOW
e182e0bb-2036-45f7-973b-f2adae19d5e7,Software Engineer,Farm Management,63,66,3,2,1.0,LOW
e182e0bb-2036-45f7-973b-f2adae19d5e7,Software Engineer,Python,42,67,25,2,1.7,LOW
e182e0bb-2036-45f7-973b-f2adae19d5e7,Software Engineer,Machine Learning,41,70,29,1,1.0,LOW
e182e0bb-2036-45f7-973b-f2adae19d5e7,Software Engineer,SQL,60,87,27,3,2.7,LOW
e182e0bb-2036-45f7-973b-f2adae19d5e7,Software Engineer,React,9,85,76,4,10.1,HIGH
e182e0bb-2036-45f7-973b-f2adae19d5e7,Software Engineer,FastAPI,17,69,52,4,6.9,HIGH
d0a4cbb4-1c8c-439b-bf03-2486b5e461bc,Data Scientist,Soil Health,2,79,77,5,12.8,HIGH
d0a4cbb4-1c8c-439b-bf03-2486b5e461bc,Data Scientist,Crop Science,47,72,25,3,2.5,LOW
d0a4cbb4-1c8c-439b-bf03-2486b5e461bc,Data Scientist,Irrigation Systems,27,83,56,4,7.5,HIGH
d0a4cbb4-1c8c-439b-bf03-2486b5e461bc,Data Scientist,Pest Control,21,72,51,1,1.7,LOW
d0a4cbb4-1c8c-439b-bf03-2486b5e461bc,Data Scientist,Data Analysis,60,61,1,5,1.0,LOW
d0a4cbb4-1c8c-439b-bf03-2486b5e461bc,Data Scientist,Precision Agriculture,26,81,55,5,9.2,HIGH
d0a4cbb4-1c8c-439b-bf03-2486b5e461bc,Data Scientist,IoT Sensors,73,71,-2,5,0.0,ACHIEVED
d0a4cbb4-1c8c-439b-bf03-2486b5e461bc,Data Scientist,Farm Management,66,72,6,4,1.0,LOW
d0a4cbb4-1c8c-439b-bf03-2486b5e461bc,Data Scientist,Python,57,68,11,4,1.5,LOW
d0a4cbb4-1c8c-439b-bf03-2486b5e461bc,Data Scientist,Machine Learning,98,70,-28,4,0.0,ACHIEVED
d0a4cbb4-1c8c-439b-bf03-2486b5e461bc,Data Scientist,SQL,27,76,49,3,4.9,MEDIUM
d0a4cbb4-1c8c-439b-bf03-2486b5e461bc,Data Scientist,React,44,89,45,4,6.0,MEDIUM
d0a4cbb4-1c8c-439b-bf03-2486b5e461bc,Data Scientist,FastAPI,86,76,-10,2,0.0,ACHIEVED
d3f57ff4-d0eb-4e07-bb58-88173db0b6fb,Farm Manager,Soil Health,65,77,12,5,2.0,LOW
d3f57ff4-d0eb-4e07-bb58-88173db0b6fb,Farm Manager,Crop Science,94,88,-6,2,0.0,ACHIEVED
d3f57ff4-d0eb-4e07-bb58-88173db0b6fb,Farm Manager,Irrigation Systems,59,75,16,2,1.1,LOW
d3f57ff4-d0eb-4e07-bb58-88173db0b6fb,Farm Manager,Pest Control,82,88,6,5,1.0,LOW
d3f57ff4-d0eb-4e07-bb58-88173db0b6fb,Farm Manager,Data Analysis,97,77,-20,3,0.0,ACHIEVED
d3f57ff4-d0eb-4e07-bb58-88173db0b6fb,Farm Manager,Precision Agriculture,42,63,21,2,1.4,LOW
d3f57ff4-d0eb-4e07-bb58-88173db0b6fb,Farm Manager,IoT Sensors,35,69,34,3,3.4,MEDIUM
d3f57ff4-d0eb-4e07-bb58-88173db0b6fb,Farm Manager,Farm Management,2,65,63,2,4.2,MEDIUM
d3f57ff4-d0eb-4e07-bb58-88173db0b6fb,Farm Manager,Python,37,79,42,3,4.2,MEDIUM
d3f57ff4-d0eb-4e07-bb58-88173db0b6fb,Farm Manager,Machine Learning,81,84,3,4,1.0,LOW
d3f57ff4-d0eb-4e07-bb58-88173db0b6fb,Farm Manager,SQL,31,66,35,3,3.5,MEDIUM
d3f57ff4-d0eb-4e07-bb58-88173db0b6fb,Farm Manager,React,47,75,28,1,1.0,LOW
d3f57ff4-d0eb-4e07-bb58-88173db0b6fb,Farm Manager,FastAPI,82,88,6,1,1.0,LOW
b2705fea-a031-47e7-9a35-b5680714c002,Software Engineer,Soil Health,5,66,61,3,6.1,HIGH
b2705fea-a031-47e7-9a35-b5680714c002,Software Engineer,Crop Science,20,87,67,3,6.7,HIGH
b2705fea-a031-47e7-9a35-b5680714c002,Software Engineer,Irrigation Systems,19,64,45,1,1.5,LOW
b2705fea-a031-47e7-9a35-b5680714c002,Software Engineer,Pest Control,59,63,4,3,1.0,LOW
b2705fea-a031-47e7-9a35-b5680714c002,Software Engineer,Data Analysis,7,88,81,2,5.4,MEDIUM
b2705fea-a031-47e7-9a35-b5680714c002,Software Engineer,Precision Agriculture,33,86,53,3,5.3,MEDIUM
b2705fea-a031-47e7-9a35-b5680714c002,Software Engineer,IoT Sensors,31,78,47,4,6.3,HIGH
b2705fea-a031-47e7-9a35-b5680714c002,Software Engineer,Farm Management,9,85,76,1,2.5,LOW
b2705fea-a031-47e7-9a35-b5680714c002,Software Engineer,Python,82,88,6,4,1.0,LOW
b2705fea-a031-47e7-9a35-b5680714c002,Software Engineer,Machine Learning,84,88,4,2,1.0,LOW
b2705fea-a031-47e7-9a35-b5680714c002,Software Engineer,SQL,1,73,72,2,4.8,MEDIUM
b2705fea-a031-47e7-9a35-b5680714c002,Software Engineer,React,33,86,53,2,3.5,MEDIUM
b2705fea-a031-47e7-9a35-b5680714c002,Software Engineer,FastAPI,6,67,61,4,8.1,HIGH
a2860114-d1bc-4943-8e00-20ba84bd7b8a,Data Scientist,Soil Health,55,74,19,3,1.9,LOW
a2860114-d1bc-4943-8e00-20ba84bd7b8a,Data Scientist,Crop Science,56,79,23,2,1.5,LOW
a2860114-d1bc-4943-8e00-20ba84bd7b8a,Data Scientist,Irrigation Systems,13,70,57,1,1.9,LOW
a2860114-d1bc-4943-8e00-20ba84bd7b8a,Data Scientist,Pest Control,23,64,41,4,5.5,MEDIUM
a2860114-d1bc-4943-8e00-20ba84bd7b8a,Data Scientist,Data Analysis,30,75,45,4,6.0,MEDIUM
a2860114-d1bc-4943-8e00-20ba84bd7b8a,Data Scientist,Precision Agriculture,62,87,25,2,1.7,LOW
a2860114-d1bc-4943-8e00-20ba84bd7b8a,Data Scientist,IoT Sensors,82,86,4,4,1.0,LOW
a2860114-d1bc-4943-8e00-20ba84bd7b8a,Data Scientist,Farm Management,5,73,68,3,6.8,HIGH
a2860114-d1bc-4943-8e00-20ba84bd7b8a,Data Scientist,Python,69,90,21,2,1.4,LOW
a2860114-d1bc-4943-8e00-20ba84bd7b8a,Data Scientist,Machine Learning,68,64,-4,1,0.0,ACHIEVED
a2860114-d1bc-4943-8e00-20ba84bd7b8a,Data Scientist,SQL,35,75,40,5,6.7,HIGH
a2860114-d1bc-4943-8e00-20ba84bd7b8a,Data Scientist,React,7,74,67,5,11.2,HIGH
a2860114-d1bc-4943-8e00-20ba84bd7b8a,Data Scientist,FastAPI,39,69,30,2,2.0,LOW
e3520d43-6af9-423b-b608-50d6e1f06246,Data Scientist,Soil Health,50,83,33,1,1.1,LOW
e3520d43-6af9-423b-b608-50d6e1f06246,Data Scientist,Crop Science,18,86,68,3,6.8,HIGH
e3520d43-6af9-423b-b608-50d6e1f06246,Data Scientist,Irrigation Systems,2,83,81,1,2.7,LOW
e3520d43-6af9-423b-b608-50d6e1f06246,Data Scientist,Pest Control,77,79,2,4,1.0,LOW
e3520d43-6af9-423b-b608-50d6e1f06246,Data Scientist,Data Analysis,20,67,47,5,7.8,HIGH
e3520d43-6af9-423b-b608-50d6e1f06246,Data Scientist,Precision Agriculture,25,88,63,1,2.1,LOW
e3520d43-6af9-423b-b608-50d6e1f06246,Data Scientist,IoT Sensors,70,86,16,5,2.7,LOW
e3520d43-6af9-423b-b608-50d6e1f06246,Data Scientist,Farm Management,5,86,81,5,13.5,HIGH
e3520d43-6af9-423b-b608-50d6e1f06246,Data Scientist,Python,98,71,-27,1,0.0,ACHIEVED
e3520d43-6af9-423b-b608-50d6e1f06246,Data Scientist,Machine Learning,4,81,77,5,12.8,HIGH
e3520d43-6af9-423b-b608-50d6e1f06246,Data Scientist,SQL,66,82,16,4,2.1,LOW
e3520d43-6af9-423b-b608-50d6e1f06246,Data Scientist,React,97,79,-18,5,0.0,ACHIEVED
e3520d43-6af9-423b-b608-50d6e1f06246,Data Scientist,FastAPI,38,63,25,2,1.7,LOW
3b4d42c6-1876-4363-9e70-b741f8ea74a1,Data Scientist,Soil Health,86,61,-25,2,0.0,ACHIEVED
3b4d42c6-1876-4363-9e70-b741f8ea74a1,Data Scientist,Crop Science,18,86,68,5,11.3,HIGH
3b4d42c6-1876-4363-9e70-b741f8ea74a1,Data Scientist,Irrigation Systems,64,85,21,5,3.5,MEDIUM
3b4d42c6-1876-4363-9e70-b741f8ea74a1,Data Scientist,Pest Control,23,66,43,2,2.9,LOW
3b4d42c6-1876-4363-9e70-b741f8ea74a1,Data Scientist,Data Analysis,86,66,-20,4,0.0,ACHIEVED
3b4d42c6-1876-4363-9e70-b741f8ea74a1,Data Scientist,Precision Agriculture,73,71,-2,2,0.0,ACHIEVED
3b4d42c6-1876-4363-9e70-b741f8ea74a1,Data Scientist,IoT Sensors,87,78,-9,3,0.0,ACHIEVED
3b4d42c6-1876-4363-9e70-b741f8ea74a1,Data Scientist,Farm Management,73,64,-9,3,0.0,ACHIEVED
3b4d42c6-1876-4363-9e70-b741f8ea74a1,Data Scientist,Python,9,86,77,3,7.7,HIGH
3b4d42c6-1876-4363-9e70-b741f8ea74a1,Data Scientist,Machine Learning,50,75,25,3,2.5,LOW
3b4d42c6-1876-4363-9e70-b741f8ea74a1,Data Scientist,SQL,46,71,25,2,1.7,LOW
3b4d42c6-1876-4363-9e70-b741f8ea74a1,Data Scientist,React,29,63,34,5,5.7,MEDIUM
3b4d42c6-1876-4363-9e70-b741f8ea74a1,Data Scientist,FastAPI,80,66,-14,2,0.0,ACHIEVED
eb672f22-e39f-4c27-ab67-22c356063d0e,Software Engineer,Soil Health,77,69,-8,5,0.0,ACHIEVED
eb672f22-e39f-4c27-ab67-22c356063d0e,Software Engineer,Crop Science,60,88,28,2,1.9,LOW
eb672f22-e39f-4c27-ab67-22c356063d0e,Software Engineer,Irrigation Systems,22,90,68,2,4.5,MEDIUM
eb672f22-e39f-4c27-ab67-22c356063d0e,Software Engineer,Pest Control,20,88,68,4,9.1,HIGH
eb672f22-e39f-4c27-ab67-22c356063d0e,Software Engineer,Data Analysis,14,69,55,4,7.3,HIGH
eb672f22-e39f-4c27-ab67-22c356063d0e,Software Engineer,Precision Agriculture,14,67,53,2,3.5,MEDIUM
eb672f22-e39f-4c27-ab67-22c356063d0e,Software Engineer,IoT Sensors,44,82,38,1,1.3,LOW
eb672f22-e39f-4c27-ab67-22c356063d0e,Software Engineer,Farm Management,16,89,73,4,9.7,HIGH
eb672f22-e39f-4c27-ab67-22c356063d0e,Software Engineer,Python,17,72,55,5,9.2,HIGH
eb672f22-e39f-4c27-ab67-22c356063d0e,Software Engineer,Machine Learning,5,65,60,3,6.0,MEDIUM
eb672f22-e39f-4c27-ab67-22c356063d0e,Software Engineer,SQL,7,89,82,4,10.9,HIGH
eb672f22-e39f-4c27-ab67-22c356063d0e,Software Engineer,React,89,66,-23,2,0.0,ACHIEVED
eb672f22-e39f-4c27-ab67-22c356063d0e,Software Engineer,FastAPI,8,75,67,1,2.2,LOW
62dfa218-0195-41c4-970b-8c785b53c965,Farm Manager,Soil Health,6,60,54,4,7.2,HIGH
62dfa218-0195-41c4-970b-8c785b53c965,Farm Manager,Crop Science,74,82,8,4,1.1,LOW
62dfa218-0195-41c4-970b-8c785b53c965,Farm Manager,Irrigation Systems,99,77,-22,5,0.0,ACHIEVED
62dfa218-0195-41c4-970b-8c785b53c965,Farm Manager,Pest Control,62,82,20,1,1.0,LOW
62dfa218-0195-41c4-970b-8c785b53c965,Farm Manager,Data Analysis,59,67,8,3,1.0,LOW
62dfa218-0195-41c4-970b-8c785b53c965,Farm Manager,Precision Agriculture,89,84,-5,2,0.0,ACHIEVED
62dfa218-0195-41c4-970b-8c785b53c965,Farm Manager,IoT Sensors,58,62,4,2,1.0,LOW
62dfa218-0195-41c4-970b-8c785b53c965,Farm Manager,Farm Management,57,88,31,4,4.1,MEDIUM
62dfa218-0195-41c4-970b-8c785b53c965,Farm Manager,Python,91,74,-17,4,0.0,ACHIEVED
62dfa218-0195-41c4-970b-8c785b53c965,Farm Manager,Machine Learning,48,74,26,5,4.3,MEDIUM
62dfa218-0195-41c4-970b-8c785b53c965,Farm Manager,SQL,85,86,1,4,1.0,LOW
62dfa218-0195-41c4-970b-8c785b53c965,Farm Manager,React,1,67,66,3,6.6,HIGH
62dfa218-0195-41c4-970b-8c785b53c965,Farm Manager,FastAPI,78,62,-16,1,0.0,ACHIEVED
761225db-b8de-48e4-a0a5-152201572155,Data Scientist,Soil Health,99,64,-35,2,0.0,ACHIEVED
761225db-b8de-48e4-a0a5-152201572155,Data Scientist,Crop Science,5,63,58,5,9.7,HIGH
761225db-b8de-48e4-a0a5-152201572155,Data Scientist,Irrigation Systems,99,69,-30,1,0.0,ACHIEVED
761225db-b8de-48e4-a0a5-152201572155,Data Scientist,Pest Control,81,89,8,5,1.3,LOW
761225db-b8de-48e4-a0a5-152201572155,Data Scientist,Data Analysis,9,82,73,1,2.4,LOW
761225db-b8de-48e4-a0a5-152201572155,Data Scientist,Precision Agriculture,27,63,36,1,1.2,LOW
761225db-b8de-48e4-a0a5-152201572155,Data Scientist,IoT Sensors,73,62,-11,4,0.0,ACHIEVED
761225db-b8de-48e4-a0a5-152201572155,Data Scientist,Farm Management,46,87,41,3,4.1,MEDIUM
761225db-b8de-48e4-a0a5-152201572155,Data Scientist,Python,38,81,43,5,7.2,HIGH
761225db-b8de-48e4-a0a5-152201572155,Data Scientist,Machine Learning,95,82,-13,2,0.0,ACHIEVED
761225db-b8de-48e4-a0a5-152201572155,Data Scientist,SQL,95,61,-34,3,0.0,ACHIEVED
761225db-b8de-48e4-a0a5-152201572155,Data Scientist,React,71,77,6,5,1.0,LOW
761225db-b8de-48e4-a0a5-152201572155,Data Scientist,FastAPI,86,60,-26,5,0.0,ACHIEVED
069fda07-e3be-4276-ba8b-67528099efb9,ML Engineer,Soil Health,92,64,-28,3,0.0,ACHIEVED
069fda07-e3be-4276-ba8b-67528099efb9,ML Engineer,Crop Science,98,76,-22,2,0.0,ACHIEVED
069fda07-e3be-4276-ba8b-67528099efb9,ML Engineer,Irrigation Systems,32,64,32,1,1.1,LOW
069fda07-e3be-4276-ba8b-67528099efb9,ML Engineer,Pest Control,68,86,18,2,1.2,LOW
069fda07-e3be-4276-ba8b-67528099efb9,ML Engineer,Data Analysis,73,60,-13,2,0.0,ACHIEVED
069fda07-e3be-4276-ba8b-67528099efb9,ML Engineer,Precision Agriculture,4,61,57,4,7.6,HIGH
069fda07-e3be-4276-ba8b-67528099efb9,ML Engineer,IoT Sensors,7,74,67,5,11.2,HIGH
069fda07-e3be-4276-ba8b-67528099efb9,ML Engineer,Farm Management,51,63,12,4,1.6,LOW
069fda07-e3be-4276-ba8b-67528099efb9,ML Engineer,Python,7,76,69,5,11.5,HIGH
069fda07-e3be-4276-ba8b-67528099efb9,ML Engineer,Machine Learning,19,68,49,2,3.3,MEDIUM
069fda07-e3be-4276-ba8b-67528099efb9,ML Engineer,SQL,9,62,53,4,7.1,HIGH
069fda07-e3be-4276-ba8b-67528099efb9,ML Engineer,React,77,89,12,3,1.2,LOW
069fda07-e3be-4276-ba8b-67528099efb9,ML Engineer,FastAPI,5,74,69,5,11.5,HIGH
0e67dddd-ada6-4d8b-a31b-c183fd53cb6d,Agronomist,Soil Health,53,71,18,4,2.4,LOW
0e67dddd-ada6-4d8b-a31b-c183fd53cb6d,Agronomist,Crop Science,47,70,23,3,2.3,LOW
0e67dddd-ada6-4d8b-a31b-c183fd53cb6d,Agronomist,Irrigation Systems,34,74,40,4,5.3,MEDIUM
0e67dddd-ada6-4d8b-a31b-c183fd53cb6d,Agronomist,Pest Control,51,69,18,3,1.8,LOW
0e67dddd-ada6-4d8b-a31b-c183fd53cb6d,Agronomist,Data Analysis,85,76,-9,1,0.0,ACHIEVED
0e67dddd-ada6-4d8b-a31b-c183fd53cb6d,Agronomist,Precision Agriculture,83,79,-4,4,0.0,ACHIEVED
0e67dddd-ada6-4d8b-a31b-c183fd53cb6d,Agronomist,IoT Sensors,68,63,-5,4,0.0,ACHIEVED
0e67dddd-ada6-4d8b-a31b-c183fd53cb6d,Agronomist,Farm Management,61,78,17,2,1.1,LOW
0e67dddd-ada6-4d8b-a31b-c183fd53cb6d,Agronomist,Python,48,82,34,1,1.1,LOW
0e67dddd-ada6-4d8b-a31b-c183fd53cb6d,Agronomist,Machine Learning,5,87,82,5,13.7,HIGH
0e67dddd-ada6-4d8b-a31b-c183fd53cb6d,Agronomist,SQL,48,89,41,3,4.1,MEDIUM
0e67dddd-ada6-4d8b-a31b-c183fd53cb6d,Agronomist,React,52,69,17,2,1.1,LOW
0e67dddd-ada6-4d8b-a31b-c183fd53cb6d,Agronomist,FastAPI,31,66,35,1,1.2,LOW
c10083bf-ca95-4852-88da-33da694b141d,Agronomist,Soil Health,99,82,-17,4,0.0,ACHIEVED
c10083bf-ca95-4852-88da-33da694b141d,Agronomist,Crop Science,66,62,-4,2,0.0,ACHIEVED
c10083bf-ca95-4852-88da-33da694b141d,Agronomist,Irrigation Systems,77,68,-9,2,0.0,ACHIEVED
c10083bf-ca95-4852-88da-33da694b141d,Agronomist,Pest Control,8,89,81,1,2.7,LOW
c10083bf-ca95-4852-88da-33da694b141d,Agronomist,Data Analysis,86,62,-24,2,0.0,ACHIEVED
c10083bf-ca95-4852-88da-33da694b141d,Agronomist,Precision Agriculture,38,72,34,1,1.1,LOW
c10083bf-ca95-4852-88da-33da694b141d,Agronomist,IoT Sensors,44,61,17,3,1.7,LOW
c10083bf-ca95-4852-88da-33da694b141d,Agronomist,Farm Management,35,83,48,3,4.8,MEDIUM
c10083bf-ca95-4852-88da-33da694b141d,Agronomist,Python,85,69,-16,5,0.0,ACHIEVED
c10083bf-ca95-4852-88da-33da694b141d,Agronomist,Machine Learning,51,63,12,4,1.6,LOW
c10083bf-ca95-4852-88da-33da694b141d,Agronomist,SQL,94,70,-24,3,0.0,ACHIEVED
c10083bf-ca95-4852-88da-33da694b141d,Agronomist,React,50,60,10,1,1.0,LOW
c10083bf-ca95-4852-88da-33da694b141d,Agronomist,FastAPI,40,83,43,5,7.2,HIGH
192fc2e4-34d4-4057-b12b-a6a19e56d87c,Farm Manager,Soil Health,67,67,0,2,0.0,ACHIEVED
192fc2e4-34d4-4057-b12b-a6a19e56d87c,Farm Manager,Crop Science,80,87,7,4,1.0,LOW
192fc2e4-34d4-4057-b12b-a6a19e56d87c,Farm Manager,Irrigation Systems,93,77,-16,2,0.0,ACHIEVED
192fc2e4-34d4-4057-b12b-a6a19e56d87c,Farm Manager,Pest Control,75,76,1,3,1.0,LOW
192fc2e4-34d4-4057-b12b-a6a19e56d87c,Farm Manager,Data Analysis,78,68,-10,2,0.0,ACHIEVED
192fc2e4-34d4-4057-b12b-a6a19e56d87c,Farm Manager,Precision Agriculture,72,77,5,4,1.0,LOW
192fc2e4-34d4-4057-b12b-a6a19e56d87c,Farm Manager,IoT Sensors,5,63,58,3,5.8,MEDIUM
192fc2e4-34d4-4057-b12b-a6a19e56d87c,Farm Manager,Farm Management,46,78,32,5,5.3,MEDIUM
192fc2e4-34d4-4057-b12b-a6a19e56d87c,Farm Manager,Python,30,85,55,3,5.5,MEDIUM
192fc2e4-34d4-4057-b12b-a6a19e56d87c,Farm Manager,Machine Learning,26,62,36,5,6.0,MEDIUM
192fc2e4-34d4-4057-b12b-a6a19e56d87c,Farm Manager,SQL,67,63,-4,2,0.0,ACHIEVED
192fc2e4-34d4-4057-b12b-a6a19e56d87c,Farm Manager,React,73,73,0,4,0.0,ACHIEVED
192fc2e4-34d4-4057-b12b-a6a19e56d87c,Farm Manager,FastAPI,43,60,17,5,2.8,LOW
71ce1470-2b84-4c71-a6c0-3ee41398995b,Farm Manager,Soil Health,19,88,69,2,4.6,MEDIUM
71ce1470-2b84-4c71-a6c0-3ee41398995b,Farm Manager,Crop Science,75,76,1,2,1.0,LOW
71ce1470-2b84-4c71-a6c0-3ee41398995b,Farm Manager,Irrigation Systems,95,67,-28,1,0.0,ACHIEVED
71ce1470-2b84-4c71-a6c0-3ee41398995b,Farm Manager,Pest Control,72,66,-6,1,0.0,ACHIEVED
71ce1470-2b84-4c71-a6c0-3ee41398995b,Farm Manager,Data Analysis,82,90,8,1,1.0,LOW
71ce1470-2b84-4c71-a6c0-3ee41398995b,Farm Manager,Precision Agriculture,78,83,5,2,1.0,LOW
71ce1470-2b84-4c71-a6c0-3ee41398995b,Farm Manager,IoT Sensors,95,78,-17,1,0.0,ACHIEVED
71ce1470-2b84-4c71-a6c0-3ee41398995b,Farm Manager,Farm Management,99,80,-19,1,0.0,ACHIEVED
71ce1470-2b84-4c71-a6c0-3ee41398995b,Farm Manager,Python,49,76,27,2,1.8,LOW
71ce1470-2b84-4c71-a6c0-3ee41398995b,Farm Manager,Machine Learning,15,87,72,2,4.8,MEDIUM
71ce1470-2b84-4c71-a6c0-3ee41398995b,Farm Manager,SQL,37,64,27,3,2.7,LOW
71ce1470-2b84-4c71-a6c0-3ee41398995b,Farm Manager,React,6,77,71,3,7.1,HIGH
71ce1470-2b84-4c71-a6c0-3ee41398995b,Farm Manager,FastAPI,68,64,-4,5,0.0,ACHIEVED
dbd1f034-6b6a-4ca6-9bb1-0799858aee75,ML Engineer,Soil Health,13,63,50,1,1.7,LOW
dbd1f034-6b6a-4ca6-9bb1-0799858aee75,ML Engineer,Crop Science,45,67,22,5,3.7,MEDIUM
dbd1f034-6b6a-4ca6-9bb1-0799858aee75,ML Engineer,Irrigation Systems,49,86,37,2,2.5,LOW
dbd1f034-6b6a-4ca6-9bb1-0799858aee75,ML Engineer,Pest Control,93,78,-15,4,0.0,ACHIEVED
dbd1f034-6b6a-4ca6-9bb1-0799858aee75,ML Engineer,Data Analysis,94,83,-11,1,0.0,ACHIEVED
dbd1f034-6b6a-4ca6-9bb1-0799858aee75,ML Engineer,Precision Agriculture,11,80,69,3,6.9,HIGH
dbd1f034-6b6a-4ca6-9bb1-0799858aee75,ML Engineer,IoT Sensors,25,67,42,3,4.2,MEDIUM
dbd1f034-6b6a-4ca6-9bb1-0799858aee75,ML Engineer,Farm Management,83,70,-13,5,0.0,ACHIEVED
dbd1f034-6b6a-4ca6-9bb1-0799858aee75,ML Engineer,Python,86,80,-6,4,0.0,ACHIEVED
dbd1f034-6b6a-4ca6-9bb1-0799858aee75,ML Engineer,Machine Learning,26,82,56,2,3.7,MEDIUM
dbd1f034-6b6a-4ca6-9bb1-0799858aee75,ML Engineer,SQL,38,73,35,3,3.5,MEDIUM
dbd1f034-6b6a-4ca6-9bb1-0799858aee75,ML Engineer,React,81,68,-13,1,0.0,ACHIEVED
dbd1f034-6b6a-4ca6-9bb1-0799858aee75,ML Engineer,FastAPI,67,78,11,5,1.8,LOW
1993cd98-a532-4a7e-b962-db4612cc1c35,Agronomist,Soil Health,19,66,47,5,7.8,HIGH
1993cd98-a532-4a7e-b962-db4612cc1c35,Agronomist,Crop Science,60,81,21,1,1.0,LOW
1993cd98-a532-4a7e-b962-db4612cc1c35,Agronomist,Irrigation Systems,66,81,15,4,2.0,LOW
1993cd98-a532-4a7e-b962-db4612cc1c35,Agronomist,Pest Control,93,76,-17,2,0.0,ACHIEVED
1993cd98-a532-4a7e-b962-db4612cc1c35,Agronomist,Data Analysis,10,66,56,5,9.3,HIGH
1993cd98-a532-4a7e-b962-db4612cc1c35,Agronomist,Precision Agriculture,59,87,28,3,2.8,LOW
1993cd98-a532-4a7e-b962-db4612cc1c35,Agronomist,IoT Sensors,82,67,-15,4,0.0,ACHIEVED
1993cd98-a532-4a7e-b962-db4612cc1c35,Agronomist,Farm Management,63,69,6,1,1.0,LOW
1993cd98-a532-4a7e-b962-db4612cc1c35,Agronomist,Python,81,84,3,4,1.0,LOW
1993cd98-a532-4a7e-b962-db4612cc1c35,Agronomist,Machine Learning,23,70,47,2,3.1,MEDIUM
1993cd98-a532-4a7e-b962-db4612cc1c35,Agronomist,SQL,14,89,75,5,12.5,HIGH
1993cd98-a532-4a7e-b962-db4612cc1c35,Agronomist,React,68,84,16,1,1.0,LOW
1993cd98-a532-4a7e-b962-db4612cc1c35,Agronomist,FastAPI,5,68,63,4,8.4,HIGH
87970a5a-c4a7-4e67-a1ad-fbf219daeef9,Software Engineer,Soil Health,24,60,36,3,3.6,MEDIUM
87970a5a-c4a7-4e67-a1ad-fbf219daeef9,Software Engineer,Crop Science,32,72,40,3,4.0,MEDIUM
87970a5a-c4a7-4e67-a1ad-fbf219daeef9,Software Engineer,Irrigation Systems,15,84,69,1,2.3,LOW
87970a5a-c4a7-4e67-a1ad-fbf219daeef9,Software Engineer,Pest Control,97,68,-29,2,0.0,ACHIEVED
87970a5a-c4a7-4e67-a1ad-fbf219daeef9,Software Engineer,Data Analysis,28,87,59,3,5.9,MEDIUM
87970a5a-c4a7-4e67-a1ad-fbf219daeef9,Software Engineer,Precision Agriculture,97,82,-15,1,0.0,ACHIEVED
87970a5a-c4a7-4e67-a1ad-fbf219daeef9,Software Engineer,IoT Sensors,70,87,17,2,1.1,LOW
87970a5a-c4a7-4e67-a1ad-fbf219daeef9,Software Engineer,Farm Management,51,69,18,1,1.0,LOW
87970a5a-c4a7-4e67-a1ad-fbf219daeef9,Software Engineer,Python,9,72,63,1,2.1,LOW
87970a5a-c4a7-4e67-a1ad-fbf219daeef9,Software Engineer,Machine Learning,72,90,18,3,1.8,LOW
87970a5a-c4a7-4e67-a1ad-fbf219daeef9,Software Engineer,SQL,87,87,0,4,0.0,ACHIEVED
87970a5a-c4a7-4e67-a1ad-fbf219daeef9,Software Engineer,React,26,60,34,4,4.5,MEDIUM
87970a5a-c4a7-4e67-a1ad-fbf219daeef9,Software Engineer,FastAPI,21,82,61,5,10.2,HIGH
87de9171-bbf7-42f4-82ca-eacddd68c5c6,ML Engineer,Soil Health,26,62,36,5,6.0,MEDIUM
87de9171-bbf7-42f4-82ca-eacddd68c5c6,ML Engineer,Crop Science,81,77,-4,3,0.0,ACHIEVED
87de9171-bbf7-42f4-82ca-eacddd68c5c6,ML Engineer,Irrigation Systems,75,69,-6,3,0.0,ACHIEVED
87de9171-bbf7-42f4-82ca-eacddd68c5c6,ML Engineer,Pest Control,54,87,33,5,5.5,MEDIUM
87de9171-bbf7-42f4-82ca-eacddd68c5c6,ML Engineer,Data Analysis,33,67,34,1,1.1,LOW
87de9171-bbf7-42f4-82ca-eacddd68c5c6,ML Engineer,Precision Agriculture,8,72,64,1,2.1,LOW
87de9171-bbf7-42f4-82ca-eacddd68c5c6,ML Engineer,IoT Sensors,87,86,-1,3,0.0,ACHIEVED
87de9171-bbf7-42f4-82ca-eacddd68c5c6,ML Engineer,Farm Management,56,70,14,4,1.9,LOW
87de9171-bbf7-42f4-82ca-eacddd68c5c6,ML Engineer,Python,28,83,55,1,1.8,LOW
87de9171-bbf7-42f4-82ca-eacddd68c5c6,ML Engineer,Machine Learning,26,74,48,4,6.4,HIGH
87de9171-bbf7-42f4-82ca-eacddd68c5c6,ML Engineer,SQL,69,78,9,5,1.5,LOW
87de9171-bbf7-42f4-82ca-eacddd68c5c6,ML Engineer,React,54,60,6,3,1.0,LOW
87de9171-bbf7-42f4-82ca-eacddd68c5c6,ML Engineer,FastAPI,29,65,36,1,1.2,LOW
23f55f42-5da1-4aaa-ac2c-e1607b8a09a6,Data Scientist,Soil Health,19,70,51,1,1.7,LOW
23f55f42-5da1-4aaa-ac2c-e1607b8a09a6,Data Scientist,Crop Science,6,68,62,2,4.1,MEDIUM
23f55f42-5da1-4aaa-ac2c-e1607b8a09a6,Data Scientist,Irrigation Systems,74,60,-14,2,0.0,ACHIEVED
23f55f42-5da1-4aaa-ac2c-e1607b8a09a6,Data Scientist,Pest Control,33,71,38,2,2.5,LOW
23f55f42-5da1-4aaa-ac2c-e1607b8a09a6,Data Scientist,Data Analysis,97,61,-36,2,0.0,ACHIEVED
23f55f42-5da1-4aaa-ac2c-e1607b8a09a6,Data Scientist,Precision Agriculture,72,84,12,4,1.6,LOW
23f55f42-5da1-4aaa-ac2c-e1607b8a09a6,Data Scientist,IoT Sensors,30,85,55,1,1.8,LOW
23f55f42-5da1-4aaa-ac2c-e1607b8a09a6,Data Scientist,Farm Management,16,66,50,4,6.7,HIGH
23f55f42-5da1-4aaa-ac2c-e1607b8a09a6,Data Scientist,Python,85,77,-8,4,0.0,ACHIEVED
23f55f42-5da1-4aaa-ac2c-e1607b8a09a6,Data Scientist,Machine Learning,81,70,-11,4,0.0,ACHIEVED
23f55f42-5da1-4aaa-ac2c-e1607b8a09a6,Data Scientist,SQL,34,65,31,2,2.1,LOW
23f55f42-5da1-4aaa-ac2c-e1607b8a09a6,Data Scientist,React,38,88,50,3,5.0,MEDIUM
23f55f42-5da1-4aaa-ac2c-e1607b8a09a6,Data Scientist,FastAPI,85,68,-17,4,0.0,ACHIEVED
1758f445-9e0f-4b66-ad0b-561105a2c8f4,Software Engineer,Soil Health,11,76,65,3,6.5,HIGH
1758f445-9e0f-4b66-ad0b-561105a2c8f4,Software Engineer,Crop Science,95,65,-30,2,0.0,ACHIEVED
1758f445-9e0f-4b66-ad0b-561105a2c8f4,Software Engineer,Irrigation Systems,28,83,55,3,5.5,MEDIUM
1758f445-9e0f-4b66-ad0b-561105a2c8f4,Software Engineer,Pest Control,26,82,56,5,9.3,HIGH
1758f445-9e0f-4b66-ad0b-561105a2c8f4,Software Engineer,Data Analysis,11,75,64,2,4.3,MEDIUM
1758f445-9e0f-4b66-ad0b-561105a2c8f4,Software Engineer,Precision Agriculture,88,83,-5,2,0.0,ACHIEVED
1758f445-9e0f-4b66-ad0b-561105a2c8f4,Software Engineer,IoT Sensors,52,62,10,5,1.7,LOW
1758f445-9e0f-4b66-ad0b-561105a2c8f4,Software Engineer,Farm Management,53,63,10,1,1.0,LOW
1758f445-9e0f-4b66-ad0b-561105a2c8f4,Software Engineer,Python,19,71,52,3,5.2,MEDIUM
1758f445-9e0f-4b66-ad0b-561105a2c8f4,Software Engineer,Machine Learning,51,72,21,3,2.1,LOW
1758f445-9e0f-4b66-ad0b-561105a2c8f4,Software Engineer,SQL,59,66,7,3,1.0,LOW
1758f445-9e0f-4b66-ad0b-561105a2c8f4,Software Engineer,React,49,79,30,5,5.0,MEDIUM
1758f445-9e0f-4b66-ad0b-561105a2c8f4,Software Engineer,FastAPI,84,86,2,4,1.0,LOW
87b5f889-1f59-4e75-a3f9-fe8c47a81ad4,Agronomist,Soil Health,2,77,75,1,2.5,LOW
87b5f889-1f59-4e75-a3f9-fe8c47a81ad4,Agronomist,Crop Science,32,63,31,1,1.0,LOW
87b5f889-1f59-4e75-a3f9-fe8c47a81ad4,Agronomist,Irrigation Systems,100,61,-39,2,0.0,ACHIEVED
87b5f889-1f59-4e75-a3f9-fe8c47a81ad4,Agronomist,Pest Control,74,65,-9,1,0.0,ACHIEVED
87b5f889-1f59-4e75-a3f9-fe8c47a81ad4,Agronomist,Data Analysis,41,89,48,4,6.4,HIGH
87b5f889-1f59-4e75-a3f9-fe8c47a81ad4,Agronomist,Precision Agriculture,79,72,-7,2,0.0,ACHIEVED
87b5f889-1f59-4e75-a3f9-fe8c47a81ad4,Agronomist,IoT Sensors,85,74,-11,4,0.0,ACHIEVED
87b5f889-1f59-4e75-a3f9-fe8c47a81ad4,Agronomist,Farm Management,76,77,1,1,1.0,LOW
87b5f889-1f59-4e75-a3f9-fe8c47a81ad4,Agronomist,Python,27,70,43,4,5.7,MEDIUM
87b5f889-1f59-4e75-a3f9-fe8c47a81ad4,Agronomist,Machine Learning,23,86,63,2,4.2,MEDIUM
87b5f889-1f59-4e75-a3f9-fe8c47a81ad4,Agronomist,SQL,98,85,-13,2,0.0,ACHIEVED
87b5f889-1f59-4e75-a3f9-fe8c47a81ad4,Agronomist,React,98,78,-20,3,0.0,ACHIEVED
87b5f889-1f59-4e75-a3f9-fe8c47a81ad4,Agronomist,FastAPI,60,72,12,3,1.2,LOW
c9c10061-53cc-4706-89c8-5aefcf5577b6,Agronomist,Soil Health,43,80,37,1,1.2,LOW
c9c10061-53cc-4706-89c8-5aefcf5577b6,Agronomist,Crop Science,31,77,46,4,6.1,HIGH
c9c10061-53cc-4706-89c8-5aefcf5577b6,Agronomist,Irrigation Systems,89,89,0,4,0.0,ACHIEVED
c9c10061-53cc-4706-89c8-5aefcf5577b6,Agronomist,Pest Control,69,72,3,2,1.0,LOW
c9c10061-53cc-4706-89c8-5aefcf5577b6,Agronomist,Data Analysis,17,68,51,5,8.5,HIGH
c9c10061-53cc-4706-89c8-5aefcf5577b6,Agronomist,Precision Agriculture,71,78,7,5,1.2,LOW
c9c10061-53cc-4706-89c8-5aefcf5577b6,Agronomist,IoT Sensors,28,71,43,5,7.2,HIGH
c9c10061-53cc-4706-89c8-5aefcf5577b6,Agronomist,Farm Management,16,72,56,3,5.6,MEDIUM
c9c10061-53cc-4706-89c8-5aefcf5577b6,Agronomist,Python,37,71,34,5,5.7,MEDIUM
c9c10061-53cc-4706-89c8-5aefcf5577b6,Agronomist,Machine Learning,0,67,67,1,2.2,LOW
c9c10061-53cc-4706-89c8-5aefcf5577b6,Agronomist,SQL,44,75,31,3,3.1,MEDIUM
c9c10061-53cc-4706-89c8-5aefcf5577b6,Agronomist,React,71,83,12,1,1.0,LOW
c9c10061-53cc-4706-89c8-5aefcf5577b6,Agronomist,FastAPI,51,62,11,3,1.1,LOW
2bad5cb6-fe83-41ea-865d-67b24a8b72e9,ML Engineer,Soil Health,91,67,-24,4,0.0,ACHIEVED
2bad5cb6-fe83-41ea-865d-67b24a8b72e9,ML Engineer,Crop Science,92,86,-6,1,0.0,ACHIEVED
2bad5cb6-fe83-41ea-865d-67b24a8b72e9,ML Engineer,Irrigation Systems,20,88,68,1,2.3,LOW
2bad5cb6-fe83-41ea-865d-67b24a8b72e9,ML Engineer,Pest Control,23,68,45,3,4.5,MEDIUM
2bad5cb6-fe83-41ea-865d-67b24a8b72e9,ML Engineer,Data Analysis,25,88,63,5,10.5,HIGH
2bad5cb6-fe83-41ea-865d-67b24a8b72e9,ML Engineer,Precision Agriculture,87,82,-5,3,0.0,ACHIEVED
2bad5cb6-fe83-41ea-865d-67b24a8b72e9,ML Engineer,IoT Sensors,72,81,9,5,1.5,LOW
2bad5cb6-fe83-41ea-865d-67b24a8b72e9,ML Engineer,Farm Management,78,72,-6,1,0.0,ACHIEVED
2bad5cb6-fe83-41ea-865d-67b24a8b72e9,ML Engineer,Python,66,62,-4,3,0.0,ACHIEVED
2bad5cb6-fe83-41ea-865d-67b24a8b72e9,ML Engineer,Machine Learning,23,84,61,2,4.1,MEDIUM
2bad5cb6-fe83-41ea-865d-67b24a8b72e9,ML Engineer,SQL,99,71,-28,3,0.0,ACHIEVED
2bad5cb6-fe83-41ea-865d-67b24a8b72e9,ML Engineer,React,81,87,6,2,1.0,LOW
2bad5cb6-fe83-41ea-865d-67b24a8b72e9,ML Engineer,FastAPI,74,62,-12,4,0.0,ACHIEVED
04208600-5545-4ccd-9572-357dd131d579,Agronomist,Soil Health,20,75,55,3,5.5,MEDIUM
04208600-5545-4ccd-9572-357dd131d579,Agronomist,Crop Science,19,86,67,1,2.2,LOW
04208600-5545-4ccd-9572-357dd131d579,Agronomist,Irrigation Systems,0,87,87,4,11.6,HIGH
04208600-5545-4ccd-9572-357dd131d579,Agronomist,Pest Control,81,85,4,4,1.0,LOW
04208600-5545-4ccd-9572-357dd131d579,Agronomist,Data Analysis,75,74,-1,3,0.0,ACHIEVED
04208600-5545-4ccd-9572-357dd131d579,Agronomist,Precision Agriculture,69,89,20,1,1.0,LOW
04208600-5545-4ccd-9572-357dd131d579,Agronomist,IoT Sensors,37,74,37,1,1.2,LOW
04208600-5545-4ccd-9572-357dd131d579,Agronomist,Farm Management,86,82,-4,2,0.0,ACHIEVED
04208600-5545-4ccd-9572-357dd131d579,Agronomist,Python,100,69,-31,1,0.0,ACHIEVED
04208600-5545-4ccd-9572-357dd131d579,Agronomist,Machine Learning,26,68,42,5,7.0,HIGH
04208600-5545-4ccd-9572-357dd131d579,Agronomist,SQL,27,85,58,5,9.7,HIGH
04208600-5545-4ccd-9572-357dd131d579,Agronomist,React,63,64,1,3,1.0,LOW
04208600-5545-4ccd-9572-357dd131d579,Agronomist,FastAPI,28,85,57,5,9.5,HIGH
0dc58ee0-c751-4e29-aab3-657550885dab,Agronomist,Soil Health,53,65,12,4,1.6,LOW
0dc58ee0-c751-4e29-aab3-657550885dab,Agronomist,Crop Science,53,84,31,4,4.1,MEDIUM
0dc58ee0-c751-4e29-aab3-657550885dab,Agronomist,Irrigation Systems,94,78,-16,3,0.0,ACHIEVED
0dc58ee0-c751-4e29-aab3-657550885dab,Agronomist,Pest Control,85,60,-25,1,0.0,ACHIEVED
0dc58ee0-c751-4e29-aab3-657550885dab,Agronomist,Data Analysis,71,78,7,4,1.0,LOW
0dc58ee0-c751-4e29-aab3-657550885dab,Agronomist,Precision Agriculture,29,77,48,5,8.0,HIGH
0dc58ee0-c751-4e29-aab3-657550885dab,Agronomist,IoT Sensors,81,76,-5,3,0.0,ACHIEVED
0dc58ee0-c751-4e29-aab3-657550885dab,Agronomist,Farm Management,0,84,84,4,11.2,HIGH
0dc58ee0-c751-4e29-aab3-657550885dab,Agronomist,Python,64,70,6,4,1.0,LOW
0dc58ee0-c751-4e29-aab3-657550885dab,Agronomist,Machine Learning,71,82,11,1,1.0,LOW
0dc58ee0-c751-4e29-aab3-657550885dab,Agronomist,SQL,37,68,31,2,2.1,LOW
0dc58ee0-c751-4e29-aab3-657550885dab,Agronomist,React,4,68,64,4,8.5,HIGH
0dc58ee0-c751-4e29-aab3-657550885dab,Agronomist,FastAPI,34,78,44,2,2.9,LOW
6be97809-4fc3-48cf-87dc-3d0591f6316e,Agronomist,Soil Health,7,70,63,1,2.1,LOW
6be97809-4fc3-48cf-87dc-3d0591f6316e,Agronomist,Crop Science,74,81,7,4,1.0,LOW
6be97809-4fc3-48cf-87dc-3d0591f6316e,Agronomist,Irrigation Systems,56,77,21,5,3.5,MEDIUM
6be97809-4fc3-48cf-87dc-3d0591f6316e,Agronomist,Pest Control,75,85,10,2,1.0,LOW
6be97809-4fc3-48cf-87dc-3d0591f6316e,Agronomist,Data Analysis,36,76,40,4,5.3,MEDIUM
6be97809-4fc3-48cf-87dc-3d0591f6316e,Agronomist,Precision Agriculture,20,69,49,1,1.6,LOW
6be97809-4fc3-48cf-87dc-3d0591f6316e,Agronomist,IoT Sensors,81,60,-21,4,0.0,ACHIEVED
6be97809-4fc3-48cf-87dc-3d0591f6316e,Agronomist,Farm Management,35,84,49,5,8.2,HIGH
6be97809-4fc3-48cf-87dc-3d0591f6316e,Agronomist,Python,98,68,-30,2,0.0,ACHIEVED
6be97809-4fc3-48cf-87dc-3d0591f6316e,Agronomist,Machine Learning,13,82,69,5,11.5,HIGH
6be97809-4fc3-48cf-87dc-3d0591f6316e,Agronomist,SQL,25,68,43,5,7.2,HIGH
6be97809-4fc3-48cf-87dc-3d0591f6316e,Agronomist,React,29,85,56,4,7.5,HIGH
6be97809-4fc3-48cf-87dc-3d0591f6316e,Agronomist,FastAPI,10,88,78,3,7.8,HIGH
fe073323-b6d1-407e-91c5-8f477d4b3b15,Software Engineer,Soil Health,15,76,61,2,4.1,MEDIUM
fe073323-b6d1-407e-91c5-8f477d4b3b15,Software Engineer,Crop Science,36,70,34,1,1.1,LOW
fe073323-b6d1-407e-91c5-8f477d4b3b15,Software Engineer,Irrigation Systems,92,80,-12,5,0.0,ACHIEVED
fe073323-b6d1-407e-91c5-8f477d4b3b15,Software Engineer,Pest Control,85,84,-1,4,0.0,ACHIEVED
fe073323-b6d1-407e-91c5-8f477d4b3b15,Software Engineer,Data Analysis,95,71,-24,4,0.0,ACHIEVED
fe073323-b6d1-407e-91c5-8f477d4b3b15,Software Engineer,Precision Agriculture,87,87,0,1,0.0,ACHIEVED
fe073323-b6d1-407e-91c5-8f477d4b3b15,Software Engineer,IoT Sensors,91,81,-10,3,0.0,ACHIEVED
fe073323-b6d1-407e-91c5-8f477d4b3b15,Software Engineer,Farm Management,9,64,55,2,3.7,MEDIUM
fe073323-b6d1-407e-91c5-8f477d4b3b15,Software Engineer,Python,9,68,59,1,2.0,LOW
fe073323-b6d1-407e-91c5-8f477d4b3b15,Software Engineer,Machine Learning,36,72,36,3,3.6,MEDIUM
fe073323-b6d1-407e-91c5-8f477d4b3b15,Software Engineer,SQL,55,74,19,5,3.2,MEDIUM
fe073323-b6d1-407e-91c5-8f477d4b3b15,Software Engineer,React,66,87,21,2,1.4,LOW
fe073323-b6d1-407e-91c5-8f477d4b3b15,Software Engineer,FastAPI,92,65,-27,2,0.0,ACHIEVED
ad0ddef7-ccfe-432e-80ab-63c0561078c9,Software Engineer,Soil Health,49,74,25,1,1.0,LOW
ad0ddef7-ccfe-432e-80ab-63c0561078c9,Software Engineer,Crop Science,32,83,51,2,3.4,MEDIUM
ad0ddef7-ccfe-432e-80ab-63c0561078c9,Software Engineer,Irrigation Systems,30,80,50,4,6.7,HIGH
ad0ddef7-ccfe-432e-80ab-63c0561078c9,Software Engineer,Pest Control,19,63,44,3,4.4,MEDIUM
ad0ddef7-ccfe-432e-80ab-63c0561078c9,Software Engineer,Data Analysis,61,66,5,2,1.0,LOW
ad0ddef7-ccfe-432e-80ab-63c0561078c9,Software Engineer,Precision Agriculture,49,89,40,5,6.7,HIGH
ad0ddef7-ccfe-432e-80ab-63c0561078c9,Software Engineer,IoT Sensors,86,60,-26,4,0.0,ACHIEVED
ad0ddef7-ccfe-432e-80ab-63c0561078c9,Software Engineer,Farm Management,10,76,66,2,4.4,MEDIUM
ad0ddef7-ccfe-432e-80ab-63c0561078c9,Software Engineer,Python,94,74,-20,5,0.0,ACHIEVED
ad0ddef7-ccfe-432e-80ab-63c0561078c9,Software Engineer,Machine Learning,61,63,2,2,1.0,LOW
ad0ddef7-ccfe-432e-80ab-63c0561078c9,Software Engineer,SQL,48,72,24,1,1.0,LOW
ad0ddef7-ccfe-432e-80ab-63c0561078c9,Software Engineer,React,88,71,-17,4,0.0,ACHIEVED
ad0ddef7-ccfe-432e-80ab-63c0561078c9,Software Engineer,FastAPI,53,90,37,4,4.9,MEDIUM
5f7dbf46-3899-4074-8fca-b1ba46432b05,Agronomist,Soil Health,77,73,-4,5,0.0,ACHIEVED
5f7dbf46-3899-4074-8fca-b1ba46432b05,Agronomist,Crop Science,93,73,-20,4,0.0,ACHIEVED
5f7dbf46-3899-4074-8fca-b1ba46432b05,Agronomist,Irrigation Systems,57,89,32,1,1.1,LOW
5f7dbf46-3899-4074-8fca-b1ba46432b05,Agronomist,Pest Control,30,85,55,5,9.2,HIGH
5f7dbf46-3899-4074-8fca-b1ba46432b05,Agronomist,Data Analysis,31,80,49,5,8.2,HIGH
5f7dbf46-3899-4074-8fca-b1ba46432b05,Agronomist,Precision Agriculture,8,87,79,3,7.9,HIGH
5f7dbf46-3899-4074-8fca-b1ba46432b05,Agronomist,IoT Sensors,9,80,71,2,4.7,MEDIUM
5f7dbf46-3899-4074-8fca-b1ba46432b05,Agronomist,Farm Management,57,78,21,3,2.1,LOW
5f7dbf46-3899-4074-8fca-b1ba46432b05,Agronomist,Python,39,72,33,2,2.2,LOW
5f7dbf46-3899-4074-8fca-b1ba46432b05,Agronomist,Machine Learning,89,89,0,3,0.0,ACHIEVED
5f7dbf46-3899-4074-8fca-b1ba46432b05,Agronomist,SQL,35,83,48,2,3.2,MEDIUM
5f7dbf46-3899-4074-8fca-b1ba46432b05,Agronomist,React,81,71,-10,1,0.0,ACHIEVED
5f7dbf46-3899-4074-8fca-b1ba46432b05,Agronomist,FastAPI,37,81,44,2,2.9,LOW
890aa459-4c52-460b-88a8-3005678a4cbc,ML Engineer,Soil Health,38,88,50,5,8.3,HIGH
890aa459-4c52-460b-88a8-3005678a4cbc,ML Engineer,Crop Science,6,61,55,2,3.7,MEDIUM
890aa459-4c52-460b-88a8-3005678a4cbc,ML Engineer,Irrigation Systems,43,68,25,2,1.7,LOW
890aa459-4c52-460b-88a8-3005678a4cbc,ML Engineer,Pest Control,93,81,-12,1,0.0,ACHIEVED
890aa459-4c52-460b-88a8-3005678a4cbc,ML Engineer,Data Analysis,83,73,-10,3,0.0,ACHIEVED
890aa459-4c52-460b-88a8-3005678a4cbc,ML Engineer,Precision Agriculture,6,88,82,1,2.7,LOW
890aa459-4c52-460b-88a8-3005678a4cbc,ML Engineer,IoT Sensors,2,70,68,2,4.5,MEDIUM
890aa459-4c52-460b-88a8-3005678a4cbc,ML Engineer,Farm Management,20,83,63,2,4.2,MEDIUM
890aa459-4c52-460b-88a8-3005678a4cbc,ML Engineer,Python,60,81,21,4,2.8,LOW
890aa459-4c52-460b-88a8-3005678a4cbc,ML Engineer,Machine Learning,12,72,60,3,6.0,MEDIUM
890aa459-4c52-460b-88a8-3005678a4cbc,ML Engineer,SQL,60,83,23,3,2.3,LOW
890aa459-4c52-460b-88a8-3005678a4cbc,ML Engineer,React,8,81,73,3,7.3,HIGH
890aa459-4c52-460b-88a8-3005678a4cbc,ML Engineer,FastAPI,1,64,63,4,8.4,HIGH
ad60855d-765e-47df-b47b-9fbe8dd9931c,Software Engineer,Soil Health,5,80,75,4,10.0,HIGH
ad60855d-765e-47df-b47b-9fbe8dd9931c,Software Engineer,Crop Science,7,89,82,5,13.7,HIGH
ad60855d-765e-47df-b47b-9fbe8dd9931c,Software Engineer,Irrigation Systems,74,73,-1,4,0.0,ACHIEVED
ad60855d-765e-47df-b47b-9fbe8dd9931c,Software Engineer,Pest Control,72,79,7,1,1.0,LOW
ad60855d-765e-47df-b47b-9fbe8dd9931c,Software Engineer,Data Analysis,79,77,-2,3,0.0,ACHIEVED
ad60855d-765e-47df-b47b-9fbe8dd9931c,Software Engineer,Precision Agriculture,97,82,-15,4,0.0,ACHIEVED
ad60855d-765e-47df-b47b-9fbe8dd9931c,Software Engineer,IoT Sensors,94,69,-25,1,0.0,ACHIEVED
ad60855d-765e-47df-b47b-9fbe8dd9931c,Software Engineer,Farm Management,46,81,35,1,1.2,LOW
ad60855d-765e-47df-b47b-9fbe8dd9931c,Software Engineer,Python,70,63,-7,1,0.0,ACHIEVED
ad60855d-765e-47df-b47b-9fbe8dd9931c,Software Engineer,Machine Learning,100,76,-24,5,0.0,ACHIEVED
ad60855d-765e-47df-b47b-9fbe8dd9931c,Software Engineer,SQL,30,78,48,4,6.4,HIGH
ad60855d-765e-47df-b47b-9fbe8dd9931c,Software Engineer,React,56,66,10,4,1.3,LOW
ad60855d-765e-47df-b47b-9fbe8dd9931c,Software Engineer,FastAPI,25,89,64,2,4.3,MEDIUM
63f803ae-07b3-4f1d-8643-f434536d2838,Farm Manager,Soil Health,86,66,-20,2,0.0,ACHIEVED
63f803ae-07b3-4f1d-8643-f434536d2838,Farm Manager,Crop Science,30,81,51,4,6.8,HIGH
63f803ae-07b3-4f1d-8643-f434536d2838,Farm Manager,Irrigation Systems,53,71,18,3,1.8,LOW
63f803ae-07b3-4f1d-8643-f434536d2838,Farm Manager,Pest Control,67,69,2,5,1.0,LOW
63f803ae-07b3-4f1d-8643-f434536d2838,Farm Manager,Data Analysis,60,81,21,2,1.4,LOW
63f803ae-07b3-4f1d-8643-f434536d2838,Farm Manager,Precision Agriculture,8,64,56,1,1.9,LOW
63f803ae-07b3-4f1d-8643-f434536d2838,Farm Manager,IoT Sensors,82,77,-5,5,0.0,ACHIEVED
63f803ae-07b3-4f1d-8643-f434536d2838,Farm Manager,Farm Management,45,78,33,1,1.1,LOW
63f803ae-07b3-4f1d-8643-f434536d2838,Farm Manager,Python,29,71,42,1,1.4,LOW
63f803ae-07b3-4f1d-8643-f434536d2838,Farm Manager,Machine Learning,81,75,-6,5,0.0,ACHIEVED
63f803ae-07b3-4f1d-8643-f434536d2838,Farm Manager,SQL,76,72,-4,4,0.0,ACHIEVED
63f803ae-07b3-4f1d-8643-f434536d2838,Farm Manager,React,68,72,4,5,1.0,LOW
63f803ae-07b3-4f1d-8643-f434536d2838,Farm Manager,FastAPI,6,61,55,2,3.7,MEDIUM
0d958709-688e-4d79-8576-91b115e69854,ML Engineer,Soil Health,87,80,-7,3,0.0,ACHIEVED
0d958709-688e-4d79-8576-91b115e69854,ML Engineer,Crop Science,13,64,51,4,6.8,HIGH
0d958709-688e-4d79-8576-91b115e69854,ML Engineer,Irrigation Systems,79,73,-6,5,0.0,ACHIEVED
0d958709-688e-4d79-8576-91b115e69854,ML Engineer,Pest Control,40,84,44,4,5.9,MEDIUM
0d958709-688e-4d79-8576-91b115e69854,ML Engineer,Data Analysis,50,84,34,1,1.1,LOW
0d958709-688e-4d79-8576-91b115e69854,ML Engineer,Precision Agriculture,30,89,59,2,3.9,MEDIUM
0d958709-688e-4d79-8576-91b115e69854,ML Engineer,IoT Sensors,56,63,7,3,1.0,LOW
0d958709-688e-4d79-8576-91b115e69854,ML Engineer,Farm Management,100,77,-23,5,0.0,ACHIEVED
0d958709-688e-4d79-8576-91b115e69854,ML Engineer,Python,4,71,67,3,6.7,HIGH
0d958709-688e-4d79-8576-91b115e69854,ML Engineer,Machine Learning,3,62,59,1,2.0,LOW
0d958709-688e-4d79-8576-91b115e69854,ML Engineer,SQL,87,67,-20,5,0.0,ACHIEVED
0d958709-688e-4d79-8576-91b115e69854,ML Engineer,React,85,76,-9,2,0.0,ACHIEVED
0d958709-688e-4d79-8576-91b115e69854,ML Engineer,FastAPI,34,61,27,3,2.7,LOW
4abf6454-1057-42af-a125-a01b587f4b50,ML Engineer,Soil Health,76,76,0,5,0.0,ACHIEVED
4abf6454-1057-42af-a125-a01b587f4b50,ML Engineer,Crop Science,16,90,74,4,9.9,HIGH
4abf6454-1057-42af-a125-a01b587f4b50,ML Engineer,Irrigation Systems,93,82,-11,3,0.0,ACHIEVED
4abf6454-1057-42af-a125-a01b587f4b50,ML Engineer,Pest Control,11,68,57,3,5.7,MEDIUM
4abf6454-1057-42af-a125-a01b587f4b50,ML Engineer,Data Analysis,65,62,-3,1,0.0,ACHIEVED
4abf6454-1057-42af-a125-a01b587f4b50,ML Engineer,Precision Agriculture,32,60,28,2,1.9,LOW
4abf6454-1057-42af-a125-a01b587f4b50,ML Engineer,IoT Sensors,62,80,18,3,1.8,LOW
4abf6454-1057-42af-a125-a01b587f4b50,ML Engineer,Farm Management,80,81,1,1,1.0,LOW
4abf6454-1057-42af-a125-a01b587f4b50,ML Engineer,Python,91,69,-22,4,0.0,ACHIEVED
4abf6454-1057-42af-a125-a01b587f4b50,ML Engineer,Machine Learning,41,87,46,5,7.7,HIGH
4abf6454-1057-42af-a125-a01b587f4b50,ML Engineer,SQL,22,76,54,4,7.2,HIGH
4abf6454-1057-42af-a125-a01b587f4b50,ML Engineer,React,75,78,3,1,1.0,LOW
4abf6454-1057-42af-a125-a01b587f4b50,ML Engineer,FastAPI,34,61,27,1,1.0,LOW
5f7bb758-5036-4134-bd1c-49ce2f8494ac,Agronomist,Soil Health,74,71,-3,5,0.0,ACHIEVED
5f7bb758-5036-4134-bd1c-49ce2f8494ac,Agronomist,Crop Science,73,66,-7,5,0.0,ACHIEVED
5f7bb758-5036-4134-bd1c-49ce2f8494ac,Agronomist,Irrigation Systems,78,60,-18,4,0.0,ACHIEVED
5f7bb758-5036-4134-bd1c-49ce2f8494ac,Agronomist,Pest Control,7,63,56,5,9.3,HIGH
5f7bb758-5036-4134-bd1c-49ce2f8494ac,Agronomist,Data Analysis,93,88,-5,2,0.0,ACHIEVED
5f7bb758-5036-4134-bd1c-49ce2f8494ac,Agronomist,Precision Agriculture,71,72,1,1,1.0,LOW
5f7bb758-5036-4134-bd1c-49ce2f8494ac,Agronomist,IoT Sensors,56,61,5,2,1.0,LOW
5f7bb758-5036-4134-bd1c-49ce2f8494ac,Agronomist,Farm Management,88,66,-22,2,0.0,ACHIEVED
5f7bb758-5036-4134-bd1c-49ce2f8494ac,Agronomist,Python,95,70,-25,5,0.0,ACHIEVED
5f7bb758-5036-4134-bd1c-49ce2f8494ac,Agronomist,Machine Learning,45,63,18,4,2.4,LOW
5f7bb758-5036-4134-bd1c-49ce2f8494ac,Agronomist,SQL,8,82,74,4,9.9,HIGH
5f7bb758-5036-4134-bd1c-49ce2f8494ac,Agronomist,React,47,71,24,2,1.6,LOW
5f7bb758-5036-4134-bd1c-49ce2f8494ac,Agronomist,FastAPI,72,75,3,1,1.0,LOW
cd274edb-a915-404b-b5c3-ee23c2e0826b,ML Engineer,Soil Health,23,83,60,1,2.0,LOW
cd274edb-a915-404b-b5c3-ee23c2e0826b,ML Engineer,Crop Science,5,76,71,4,9.5,HIGH
cd274edb-a915-404b-b5c3-ee23c2e0826b,ML Engineer,Irrigation Systems,29,61,32,5,5.3,MEDIUM
cd274edb-a915-404b-b5c3-ee23c2e0826b,ML Engineer,Pest Control,90,82,-8,5,0.0,ACHIEVED
cd274edb-a915-404b-b5c3-ee23c2e0826b,ML Engineer,Data Analysis,59,79,20,3,2.0,LOW
cd274edb-a915-404b-b5c3-ee23c2e0826b,ML Engineer,Precision Agriculture,31,76,45,5,7.5,HIGH
cd274edb-a915-404b-b5c3-ee23c2e0826b,ML Engineer,IoT Sensors,36,68,32,2,2.1,LOW
cd274edb-a915-404b-b5c3-ee23c2e0826b,ML Engineer,Farm Management,28,74,46,2,3.1,MEDIUM
cd274edb-a915-404b-b5c3-ee23c2e0826b,ML Engineer,Python,71,80,9,1,1.0,LOW
cd274edb-a915-404b-b5c3-ee23c2e0826b,ML Engineer,Machine Learning,54,74,20,1,1.0,LOW
cd274edb-a915-404b-b5c3-ee23c2e0826b,ML Engineer,SQL,13,82,69,4,9.2,HIGH
cd274edb-a915-404b-b5c3-ee23c2e0826b,ML Engineer,React,36,82,46,2,3.1,MEDIUM
cd274edb-a915-404b-b5c3-ee23c2e0826b,ML Engineer,FastAPI,39,78,39,1,1.3,LOW
cc5fedb7-a455-40b9-a567-45270c124d95,Software Engineer,Soil Health,49,61,12,5,2.0,LOW
cc5fedb7-a455-40b9-a567-45270c124d95,Software Engineer,Crop Science,95,64,-31,4,0.0,ACHIEVED
cc5fedb7-a455-40b9-a567-45270c124d95,Software Engineer,Irrigation Systems,83,73,-10,3,0.0,ACHIEVED
cc5fedb7-a455-40b9-a567-45270c124d95,Software Engineer,Pest Control,71,75,4,3,1.0,LOW
cc5fedb7-a455-40b9-a567-45270c124d95,Software Engineer,Data Analysis,64,69,5,5,1.0,LOW
cc5fedb7-a455-40b9-a567-45270c124d95,Software Engineer,Precision Agriculture,85,72,-13,3,0.0,ACHIEVED
cc5fedb7-a455-40b9-a567-45270c124d95,Software Engineer,IoT Sensors,98,71,-27,5,0.0,ACHIEVED
cc5fedb7-a455-40b9-a567-45270c124d95,Software Engineer,Farm Management,87,86,-1,5,0.0,ACHIEVED
cc5fedb7-a455-40b9-a567-45270c124d95,Software Engineer,Python,17,85,68,5,11.3,HIGH
cc5fedb7-a455-40b9-a567-45270c124d95,Software Engineer,Machine Learning,98,69,-29,2,0.0,ACHIEVED
cc5fedb7-a455-40b9-a567-45270c124d95,Software Engineer,SQL,82,80,-2,2,0.0,ACHIEVED
cc5fedb7-a455-40b9-a567-45270c124d95,Software Engineer,React,47,85,38,3,3.8,MEDIUM
cc5fedb7-a455-40b9-a567-45270c124d95,Software Engineer,FastAPI,51,68,17,2,1.1,LOW
f761d25a-7094-4792-a442-699b25ecf31c,Farm Manager,Soil Health,7,79,72,5,12.0,HIGH
f761d25a-7094-4792-a442-699b25ecf31c,Farm Manager,Crop Science,25,67,42,1,1.4,LOW
f761d25a-7094-4792-a442-699b25ecf31c,Farm Manager,Irrigation Systems,90,87,-3,4,0.0,ACHIEVED
f761d25a-7094-4792-a442-699b25ecf31c,Farm Manager,Pest Control,59,71,12,5,2.0,LOW
f761d25a-7094-4792-a442-699b25ecf31c,Farm Manager,Data Analysis,95,79,-16,5,0.0,ACHIEVED
f761d25a-7094-4792-a442-699b25ecf31c,Farm Manager,Precision Agriculture,90,83,-7,3,0.0,ACHIEVED
f761d25a-7094-4792-a442-699b25ecf31c,Farm Manager,IoT Sensors,58,72,14,4,1.9,LOW
f761d25a-7094-4792-a442-699b25ecf31c,Farm Manager,Farm Management,60,85,25,5,4.2,MEDIUM
f761d25a-7094-4792-a442-699b25ecf31c,Farm Manager,Python,31,89,58,2,3.9,MEDIUM
f761d25a-7094-4792-a442-699b25ecf31c,Farm Manager,Machine Learning,9,88,79,1,2.6,LOW
f761d25a-7094-4792-a442-699b25ecf31c,Farm Manager,SQL,100,88,-12,4,0.0,ACHIEVED
f761d25a-7094-4792-a442-699b25ecf31c,Farm Manager,React,35,89,54,3,5.4,MEDIUM
f761d25a-7094-4792-a442-699b25ecf31c,Farm Manager,FastAPI,95,90,-5,3,0.0,ACHIEVED
762d0eb1-e638-4f19-89d7-3ebad4fa2391,Agronomist,Soil Health,28,68,40,5,6.7,HIGH
762d0eb1-e638-4f19-89d7-3ebad4fa2391,Agronomist,Crop Science,56,79,23,5,3.8,MEDIUM
762d0eb1-e638-4f19-89d7-3ebad4fa2391,Agronomist,Irrigation Systems,77,68,-9,2,0.0,ACHIEVED
762d0eb1-e638-4f19-89d7-3ebad4fa2391,Agronomist,Pest Control,39,83,44,2,2.9,LOW
762d0eb1-e638-4f19-89d7-3ebad4fa2391,Agronomist,Data Analysis,43,79,36,4,4.8,MEDIUM
762d0eb1-e638-4f19-89d7-3ebad4fa2391,Agronomist,Precision Agriculture,26,86,60,4,8.0,HIGH
762d0eb1-e638-4f19-89d7-3ebad4fa2391,Agronomist,IoT Sensors,4,72,68,3,6.8,HIGH
762d0eb1-e638-4f19-89d7-3ebad4fa2391,Agronomist,Farm Management,56,64,8,4,1.1,LOW
762d0eb1-e638-4f19-89d7-3ebad4fa2391,Agronomist,Python,10,60,50,3,5.0,MEDIUM
762d0eb1-e638-4f19-89d7-3ebad4fa2391,Agronomist,Machine Learning,49,79,30,5,5.0,MEDIUM
762d0eb1-e638-4f19-89d7-3ebad4fa2391,Agronomist,SQL,89,60,-29,4,0.0,ACHIEVED
762d0eb1-e638-4f19-89d7-3ebad4fa2391,Agronomist,React,16,74,58,2,3.9,MEDIUM
762d0eb1-e638-4f19-89d7-3ebad4fa2391,Agronomist,FastAPI,45,69,24,1,1.0,LOW
d2aabc98-6c0c-4790-a3f4-a377587bb9a7,Farm Manager,Soil Health,28,86,58,1,1.9,LOW
d2aabc98-6c0c-4790-a3f4-a377587bb9a7,Farm Manager,Crop Science,96,83,-13,2,0.0,ACHIEVED
d2aabc98-6c0c-4790-a3f4-a377587bb9a7,Farm Manager,Irrigation Systems,74,81,7,5,1.2,LOW
d2aabc98-6c0c-4790-a3f4-a377587bb9a7,Farm Manager,Pest Control,2,65,63,1,2.1,LOW
d2aabc98-6c0c-4790-a3f4-a377587bb9a7,Farm Manager,Data Analysis,51,61,10,2,1.0,LOW
d2aabc98-6c0c-4790-a3f4-a377587bb9a7,Farm Manager,Precision Agriculture,18,82,64,1,2.1,LOW
d2aabc98-6c0c-4790-a3f4-a377587bb9a7,Farm Manager,IoT Sensors,53,82,29,4,3.9,MEDIUM
d2aabc98-6c0c-4790-a3f4-a377587bb9a7,Farm Manager,Farm Management,14,85,71,5,11.8,HIGH
d2aabc98-6c0c-4790-a3f4-a377587bb9a7,Farm Manager,Python,28,71,43,4,5.7,MEDIUM
d2aabc98-6c0c-4790-a3f4-a377587bb9a7,Farm Manager,Machine Learning,43,88,45,5,7.5,HIGH
d2aabc98-6c0c-4790-a3f4-a377587bb9a7,Farm Manager,SQL,40,70,30,3,3.0,LOW
d2aabc98-6c0c-4790-a3f4-a377587bb9a7,Farm Manager,React,10,87,77,2,5.1,MEDIUM
d2aabc98-6c0c-4790-a3f4-a377587bb9a7,Farm Manager,FastAPI,12,68,56,3,5.6,MEDIUM
a9eeaaa3-664e-4f12-8218-70dbaefd88ea,ML Engineer,Soil Health,2,85,83,2,5.5,MEDIUM
a9eeaaa3-664e-4f12-8218-70dbaefd88ea,ML Engineer,Crop Science,7,66,59,4,7.9,HIGH
a9eeaaa3-664e-4f12-8218-70dbaefd88ea,ML Engineer,Irrigation Systems,46,71,25,5,4.2,MEDIUM
a9eeaaa3-664e-4f12-8218-70dbaefd88ea,ML Engineer,Pest Control,95,66,-29,3,0.0,ACHIEVED
a9eeaaa3-664e-4f12-8218-70dbaefd88ea,ML Engineer,Data Analysis,74,89,15,1,1.0,LOW
a9eeaaa3-664e-4f12-8218-70dbaefd88ea,ML Engineer,Precision Agriculture,72,66,-6,5,0.0,ACHIEVED
a9eeaaa3-664e-4f12-8218-70dbaefd88ea,ML Engineer,IoT Sensors,63,64,1,4,1.0,LOW
a9eeaaa3-664e-4f12-8218-70dbaefd88ea,ML Engineer,Farm Management,38,88,50,4,6.7,HIGH
a9eeaaa3-664e-4f12-8218-70dbaefd88ea,ML Engineer,Python,47,70,23,3,2.3,LOW
a9eeaaa3-664e-4f12-8218-70dbaefd88ea,ML Engineer,Machine Learning,56,89,33,3,3.3,MEDIUM
a9eeaaa3-664e-4f12-8218-70dbaefd88ea,ML Engineer,SQL,84,77,-7,4,0.0,ACHIEVED
a9eeaaa3-664e-4f12-8218-70dbaefd88ea,ML Engineer,React,72,85,13,5,2.2,LOW
a9eeaaa3-664e-4f12-8218-70dbaefd88ea,ML Engineer,FastAPI,91,69,-22,4,0.0,ACHIEVED
65bdc3c8-01c9-4e21-b202-32b2418e1627,Software Engineer,Soil Health,6,61,55,4,7.3,HIGH
65bdc3c8-01c9-4e21-b202-32b2418e1627,Software Engineer,Crop Science,9,62,53,3,5.3,MEDIUM
65bdc3c8-01c9-4e21-b202-32b2418e1627,Software Engineer,Irrigation Systems,82,67,-15,5,0.0,ACHIEVED
65bdc3c8-01c9-4e21-b202-32b2418e1627,Software Engineer,Pest Control,72,87,15,3,1.5,LOW
65bdc3c8-01c9-4e21-b202-32b2418e1627,Software Engineer,Data Analysis,53,85,32,1,1.1,LOW
65bdc3c8-01c9-4e21-b202-32b2418e1627,Software Engineer,Precision Agriculture,67,84,17,3,1.7,LOW
65bdc3c8-01c9-4e21-b202-32b2418e1627,Software Engineer,IoT Sensors,73,71,-2,1,0.0,ACHIEVED
65bdc3c8-01c9-4e21-b202-32b2418e1627,Software Engineer,Farm Management,75,68,-7,3,0.0,ACHIEVED
65bdc3c8-01c9-4e21-b202-32b2418e1627,Software Engineer,Python,56,61,5,5,1.0,LOW
65bdc3c8-01c9-4e21-b202-32b2418e1627,Software Engineer,Machine Learning,70,68,-2,5,0.0,ACHIEVED
65bdc3c8-01c9-4e21-b202-32b2418e1627,Software Engineer,SQL,89,63,-26,2,0.0,ACHIEVED
65bdc3c8-01c9-4e21-b202-32b2418e1627,Software Engineer,React,76,76,0,4,0.0,ACHIEVED
65bdc3c8-01c9-4e21-b202-32b2418e1627,Software Engineer,FastAPI,85,72,-13,2,0.0,ACHIEVED
f63b61e4-3d12-4b78-9829-7f227c24ab5a,ML Engineer,Soil Health,6,71,65,2,4.3,MEDIUM
f63b61e4-3d12-4b78-9829-7f227c24ab5a,ML Engineer,Crop Science,63,83,20,5,3.3,MEDIUM
f63b61e4-3d12-4b78-9829-7f227c24ab5a,ML Engineer,Irrigation Systems,71,73,2,2,1.0,LOW
f63b61e4-3d12-4b78-9829-7f227c24ab5a,ML Engineer,Pest Control,86,68,-18,5,0.0,ACHIEVED
f63b61e4-3d12-4b78-9829-7f227c24ab5a,ML Engineer,Data Analysis,64,64,0,5,0.0,ACHIEVED
f63b61e4-3d12-4b78-9829-7f227c24ab5a,ML Engineer,Precision Agriculture,33,72,39,2,2.6,LOW
f63b61e4-3d12-4b78-9829-7f227c24ab5a,ML Engineer,IoT Sensors,96,80,-16,5,0.0,ACHIEVED
f63b61e4-3d12-4b78-9829-7f227c24ab5a,ML Engineer,Farm Management,93,70,-23,2,0.0,ACHIEVED
f63b61e4-3d12-4b78-9829-7f227c24ab5a,ML Engineer,Python,2,84,82,3,8.2,HIGH
f63b61e4-3d12-4b78-9829-7f227c24ab5a,ML Engineer,Machine Learning,6,88,82,1,2.7,LOW
f63b61e4-3d12-4b78-9829-7f227c24ab5a,ML Engineer,SQL,38,65,27,3,2.7,LOW
f63b61e4-3d12-4b78-9829-7f227c24ab5a,ML Engineer,React,25,90,65,2,4.3,MEDIUM
f63b61e4-3d12-4b78-9829-7f227c24ab5a,ML Engineer,FastAPI,6,83,77,2,5.1,MEDIUM
e35bd53c-e872-407c-863b-b6e6c62ac62b,Farm Manager,Soil Health,24,87,63,5,10.5,HIGH
e35bd53c-e872-407c-863b-b6e6c62ac62b,Farm Manager,Crop Science,89,75,-14,2,0.0,ACHIEVED
e35bd53c-e872-407c-863b-b6e6c62ac62b,Farm Manager,Irrigation Systems,81,82,1,5,1.0,LOW
e35bd53c-e872-407c-863b-b6e6c62ac62b,Farm Manager,Pest Control,16,69,53,2,3.5,MEDIUM
e35bd53c-e872-407c-863b-b6e6c62ac62b,Farm Manager,Data Analysis,71,62,-9,2,0.0,ACHIEVED
e35bd53c-e872-407c-863b-b6e6c62ac62b,Farm Manager,Precision Agriculture,4,82,78,2,5.2,MEDIUM
e35bd53c-e872-407c-863b-b6e6c62ac62b,Farm Manager,IoT Sensors,19,88,69,4,9.2,HIGH
e35bd53c-e872-407c-863b-b6e6c62ac62b,Farm Manager,Farm Management,43,69,26,4,3.5,MEDIUM
e35bd53c-e872-407c-863b-b6e6c62ac62b,Farm Manager,Python,52,68,16,4,2.1,LOW
e35bd53c-e872-407c-863b-b6e6c62ac62b,Farm Manager,Machine Learning,7,83,76,4,10.1,HIGH
e35bd53c-e872-407c-863b-b6e6c62ac62b,Farm Manager,SQL,52,69,17,1,1.0,LOW
e35bd53c-e872-407c-863b-b6e6c62ac62b,Farm Manager,React,0,80,80,5,13.3,HIGH
e35bd53c-e872-407c-863b-b6e6c62ac62b,Farm Manager,FastAPI,23,68,45,3,4.5,MEDIUM
4ea554ca-e072-48fa-92d4-2ba7b4eba31b,Farm Manager,Soil Health,58,62,4,5,1.0,LOW
4ea554ca-e072-48fa-92d4-2ba7b4eba31b,Farm Manager,Crop Science,83,62,-21,1,0.0,ACHIEVED
4ea554ca-e072-48fa-92d4-2ba7b4eba31b,Farm Manager,Irrigation Systems,96,66,-30,2,0.0,ACHIEVED
4ea554ca-e072-48fa-92d4-2ba7b4eba31b,Farm Manager,Pest Control,37,75,38,4,5.1,MEDIUM
4ea554ca-e072-48fa-92d4-2ba7b4eba31b,Farm Manager,Data Analysis,24,74,50,2,3.3,MEDIUM
4ea554ca-e072-48fa-92d4-2ba7b4eba31b,Farm Manager,Precision Agriculture,2,69,67,3,6.7,HIGH
4ea554ca-e072-48fa-92d4-2ba7b4eba31b,Farm Manager,IoT Sensors,42,65,23,4,3.1,MEDIUM
4ea554ca-e072-48fa-92d4-2ba7b4eba31b,Farm Manager,Farm Management,78,71,-7,1,0.0,ACHIEVED
4ea554ca-e072-48fa-92d4-2ba7b4eba31b,Farm Manager,Python,17,73,56,5,9.3,HIGH
4ea554ca-e072-48fa-92d4-2ba7b4eba31b,Farm Manager,Machine Learning,32,70,38,5,6.3,HIGH
4ea554ca-e072-48fa-92d4-2ba7b4eba31b,Farm Manager,SQL,70,70,0,3,0.0,ACHIEVED
4ea554ca-e072-48fa-92d4-2ba7b4eba31b,Farm Manager,React,19,76,57,5,9.5,HIGH
4ea554ca-e072-48fa-92d4-2ba7b4eba31b,Farm Manager,FastAPI,50,61,11,4,1.5,LOW
46997c8a-ec8e-4d68-95b0-9701ae93f2c5,Farm Manager,Soil Health,90,78,-12,4,0.0,ACHIEVED
46997c8a-ec8e-4d68-95b0-9701ae93f2c5,Farm Manager,Crop Science,19,81,62,5,10.3,HIGH
46997c8a-ec8e-4d68-95b0-9701ae93f2c5,Farm Manager,Irrigation Systems,41,89,48,3,4.8,MEDIUM
46997c8a-ec8e-4d68-95b0-9701ae93f2c5,Farm Manager,Pest Control,53,87,34,1,1.1,LOW
46997c8a-ec8e-4d68-95b0-9701ae93f2c5,Farm Manager,Data Analysis,72,72,0,3,0.0,ACHIEVED
46997c8a-ec8e-4d68-95b0-9701ae93f2c5,Farm Manager,Precision Agriculture,41,84,43,5,7.2,HIGH
46997c8a-ec8e-4d68-95b0-9701ae93f2c5,Farm Manager,IoT Sensors,28,87,59,5,9.8,HIGH
46997c8a-ec8e-4d68-95b0-9701ae93f2c5,Farm Manager,Farm Management,27,74,47,2,3.1,MEDIUM
46997c8a-ec8e-4d68-95b0-9701ae93f2c5,Farm Manager,Python,82,87,5,1,1.0,LOW
46997c8a-ec8e-4d68-95b0-9701ae93f2c5,Farm Manager,Machine Learning,76,86,10,4,1.3,LOW
46997c8a-ec8e-4d68-95b0-9701ae93f2c5,Farm Manager,SQL,63,86,23,1,1.0,LOW
46997c8a-ec8e-4d68-95b0-9701ae93f2c5,Farm Manager,React,81,86,5,4,1.0,LOW
46997c8a-ec8e-4d68-95b0-9701ae93f2c5,Farm Manager,FastAPI,84,73,-11,2,0.0,ACHIEVED
3c1305a7-c709-4bfa-914a-fcd3eb106d3d,Data Scientist,Soil Health,0,85,85,3,8.5,HIGH
3c1305a7-c709-4bfa-914a-fcd3eb106d3d,Data Scientist,Crop Science,68,83,15,4,2.0,LOW
3c1305a7-c709-4bfa-914a-fcd3eb106d3d,Data Scientist,Irrigation Systems,51,62,11,5,1.8,LOW
3c1305a7-c709-4bfa-914a-fcd3eb106d3d,Data Scientist,Pest Control,54,79,25,1,1.0,LOW
3c1305a7-c709-4bfa-914a-fcd3eb106d3d,Data Scientist,Data Analysis,98,68,-30,2,0.0,ACHIEVED
3c1305a7-c709-4bfa-914a-fcd3eb106d3d,Data Scientist,Precision Agriculture,64,60,-4,3,0.0,ACHIEVED
3c1305a7-c709-4bfa-914a-fcd3eb106d3d,Data Scientist,IoT Sensors,8,88,80,3,8.0,HIGH
3c1305a7-c709-4bfa-914a-fcd3eb106d3d,Data Scientist,Farm Management,38,68,30,2,2.0,LOW
3c1305a7-c709-4bfa-914a-fcd3eb106d3d,Data Scientist,Python,38,63,25,4,3.3,MEDIUM
3c1305a7-c709-4bfa-914a-fcd3eb106d3d,Data Scientist,Machine Learning,65,70,5,4,1.0,LOW
3c1305a7-c709-4bfa-914a-fcd3eb106d3d,Data Scientist,SQL,92,66,-26,1,0.0,ACHIEVED
3c1305a7-c709-4bfa-914a-fcd3eb106d3d,Data Scientist,React,17,62,45,3,4.5,MEDIUM
3c1305a7-c709-4bfa-914a-fcd3eb106d3d,Data Scientist,FastAPI,77,86,9,4,1.2,LOW
82ca1bcc-3575-4bca-b9f5-c66c6ff82d14,Data Scientist,Soil Health,1,88,87,1,2.9,LOW
82ca1bcc-3575-4bca-b9f5-c66c6ff82d14,Data Scientist,Crop Science,94,89,-5,5,0.0,ACHIEVED
82ca1bcc-3575-4bca-b9f5-c66c6ff82d14,Data Scientist,Irrigation Systems,61,86,25,4,3.3,MEDIUM
82ca1bcc-3575-4bca-b9f5-c66c6ff82d14,Data Scientist,Pest Control,72,89,17,5,2.8,LOW
82ca1bcc-3575-4bca-b9f5-c66c6ff82d14,Data Scientist,Data Analysis,62,68,6,4,1.0,LOW
82ca1bcc-3575-4bca-b9f5-c66c6ff82d14,Data Scientist,Precision Agriculture,58,66,8,5,1.3,LOW
82ca1bcc-3575-4bca-b9f5-c66c6ff82d14,Data Scientist,IoT Sensors,10,86,76,3,7.6,HIGH
82ca1bcc-3575-4bca-b9f5-c66c6ff82d14,Data Scientist,Farm Management,52,73,21,3,2.1,LOW
82ca1bcc-3575-4bca-b9f5-c66c6ff82d14,Data Scientist,Python,16,62,46,2,3.1,MEDIUM
82ca1bcc-3575-4bca-b9f5-c66c6ff82d14,Data Scientist,Machine Learning,47,65,18,3,1.8,LOW
82ca1bcc-3575-4bca-b9f5-c66c6ff82d14,Data Scientist,SQL,25,78,53,4,7.1,HIGH
82ca1bcc-3575-4bca-b9f5-c66c6ff82d14,Data Scientist,React,11,73,62,5,10.3,HIGH
82ca1bcc-3575-4bca-b9f5-c66c6ff82d14,Data Scientist,FastAPI,7,69,62,3,6.2,HIGH
9d71d778-d93a-451b-925c-93193988ba9a,Data Scientist,Soil Health,25,86,61,1,2.0,LOW
9d71d778-d93a-451b-925c-93193988ba9a,Data Scientist,Crop Science,15,74,59,5,9.8,HIGH
9d71d778-d93a-451b-925c-93193988ba9a,Data Scientist,Irrigation Systems,28,89,61,1,2.0,LOW
9d71d778-d93a-451b-925c-93193988ba9a,Data Scientist,Pest Control,26,90,64,1,2.1,LOW
9d71d778-d93a-451b-925c-93193988ba9a,Data Scientist,Data Analysis,45,67,22,4,2.9,LOW
9d71d778-d93a-451b-925c-93193988ba9a,Data Scientist,Precision Agriculture,67,88,21,5,3.5,MEDIUM
9d71d778-d93a-451b-925c-93193988ba9a,Data Scientist,IoT Sensors,5,86,81,1,2.7,LOW
9d71d778-d93a-451b-925c-93193988ba9a,Data Scientist,Farm Management,38,80,42,2,2.8,LOW
9d71d778-d93a-451b-925c-93193988ba9a,Data Scientist,Python,37,75,38,2,2.5,LOW
9d71d778-d93a-451b-925c-93193988ba9a,Data Scientist,Machine Learning,49,74,25,3,2.5,LOW
9d71d778-d93a-451b-925c-93193988ba9a,Data Scientist,SQL,15,69,54,2,3.6,MEDIUM
9d71d778-d93a-451b-925c-93193988ba9a,Data Scientist,React,54,75,21,1,1.0,LOW
9d71d778-d93a-451b-925c-93193988ba9a,Data Scientist,FastAPI,85,62,-23,1,0.0,ACHIEVED
90368e76-f62e-4e23-9db0-3dd4c6080ca4,ML Engineer,Soil Health,86,83,-3,2,0.0,ACHIEVED
90368e76-f62e-4e23-9db0-3dd4c6080ca4,ML Engineer,Crop Science,30,78,48,1,1.6,LOW
90368e76-f62e-4e23-9db0-3dd4c6080ca4,ML Engineer,Irrigation Systems,97,86,-11,2,0.0,ACHIEVED
90368e76-f62e-4e23-9db0-3dd4c6080ca4,ML Engineer,Pest Control,31,64,33,5,5.5,MEDIUM
90368e76-f62e-4e23-9db0-3dd4c6080ca4,ML Engineer,Data Analysis,24,66,42,1,1.4,LOW
90368e76-f62e-4e23-9db0-3dd4c6080ca4,ML Engineer,Precision Agriculture,91,66,-25,5,0.0,ACHIEVED
90368e76-f62e-4e23-9db0-3dd4c6080ca4,ML Engineer,IoT Sensors,39,86,47,1,1.6,LOW
90368e76-f62e-4e23-9db0-3dd4c6080ca4,ML Engineer,Farm Management,40,76,36,5,6.0,MEDIUM
90368e76-f62e-4e23-9db0-3dd4c6080ca4,ML Engineer,Python,50,82,32,4,4.3,MEDIUM
90368e76-f62e-4e23-9db0-3dd4c6080ca4,ML Engineer,Machine Learning,13,75,62,1,2.1,LOW
90368e76-f62e-4e23-9db0-3dd4c6080ca4,ML Engineer,SQL,22,65,43,4,5.7,MEDIUM
90368e76-f62e-4e23-9db0-3dd4c6080ca4,ML Engineer,React,12,89,77,2,5.1,MEDIUM
90368e76-f62e-4e23-9db0-3dd4c6080ca4,ML Engineer,FastAPI,13,80,67,3,6.7,HIGH
f9ece215-5f32-4eff-a047-00297250f83e,Data Scientist,Soil Health,33,90,57,4,7.6,HIGH
f9ece215-5f32-4eff-a047-00297250f83e,Data Scientist,Crop Science,53,89,36,3,3.6,MEDIUM
f9ece215-5f32-4eff-a047-00297250f83e,Data Scientist,Irrigation Systems,97,80,-17,2,0.0,ACHIEVED
f9ece215-5f32-4eff-a047-00297250f83e,Data Scientist,Pest Control,23,84,61,5,10.2,HIGH
f9ece215-5f32-4eff-a047-00297250f83e,Data Scientist,Data Analysis,66,88,22,4,2.9,LOW
f9ece215-5f32-4eff-a047-00297250f83e,Data Scientist,Precision Agriculture,37,85,48,1,1.6,LOW
f9ece215-5f32-4eff-a047-00297250f83e,Data Scientist,IoT Sensors,49,84,35,4,4.7,MEDIUM
f9ece215-5f32-4eff-a047-00297250f83e,Data Scientist,Farm Management,84,71,-13,3,0.0,ACHIEVED
f9ece215-5f32-4eff-a047-00297250f83e,Data Scientist,Python,14,89,75,5,12.5,HIGH
f9ece215-5f32-4eff-a047-00297250f83e,Data Scientist,Machine Learning,66,76,10,4,1.3,LOW
f9ece215-5f32-4eff-a047-00297250f83e,Data Scientist,SQL,3,84,81,1,2.7,LOW
f9ece215-5f32-4eff-a047-00297250f83e,Data Scientist,React,91,81,-10,5,0.0,ACHIEVED
f9ece215-5f32-4eff-a047-00297250f83e,Data Scientist,FastAPI,93,68,-25,3,0.0,ACHIEVED
cae76a57-7387-4d21-96f3-f7070f1573b5,Agronomist,Soil Health,98,90,-8,5,0.0,ACHIEVED
cae76a57-7387-4d21-96f3-f7070f1573b5,Agronomist,Crop Science,85,89,4,2,1.0,LOW
cae76a57-7387-4d21-96f3-f7070f1573b5,Agronomist,Irrigation Systems,61,77,16,3,1.6,LOW
cae76a57-7387-4d21-96f3-f7070f1573b5,Agronomist,Pest Control,80,66,-14,5,0.0,ACHIEVED
cae76a57-7387-4d21-96f3-f7070f1573b5,Agronomist,Data Analysis,70,72,2,3,1.0,LOW
cae76a57-7387-4d21-96f3-f7070f1573b5,Agronomist,Precision Agriculture,36,82,46,3,4.6,MEDIUM
cae76a57-7387-4d21-96f3-f7070f1573b5,Agronomist,IoT Sensors,84,87,3,5,1.0,LOW
cae76a57-7387-4d21-96f3-f7070f1573b5,Agronomist,Farm Management,36,61,25,3,2.5,LOW
cae76a57-7387-4d21-96f3-f7070f1573b5,Agronomist,Python,35,80,45,2,3.0,LOW
cae76a57-7387-4d21-96f3-f7070f1573b5,Agronomist,Machine Learning,97,80,-17,1,0.0,ACHIEVED
cae76a57-7387-4d21-96f3-f7070f1573b5,Agronomist,SQL,75,68,-7,1,0.0,ACHIEVED
cae76a57-7387-4d21-96f3-f7070f1573b5,Agronomist,React,71,82,11,1,1.0,LOW
cae76a57-7387-4d21-96f3-f7070f1573b5,Agronomist,FastAPI,41,70,29,4,3.9,MEDIUM
bb491091-bb47-44e0-bcc8-66afc27f19d6,ML Engineer,Soil Health,18,71,53,2,3.5,MEDIUM
bb491091-bb47-44e0-bcc8-66afc27f19d6,ML Engineer,Crop Science,61,74,13,4,1.7,LOW
bb491091-bb47-44e0-bcc8-66afc27f19d6,ML Engineer,Irrigation Systems,45,76,31,4,4.1,MEDIUM
bb491091-bb47-44e0-bcc8-66afc27f19d6,ML Engineer,Pest Control,90,61,-29,3,0.0,ACHIEVED
bb491091-bb47-44e0-bcc8-66afc27f19d6,ML Engineer,Data Analysis,13,71,58,5,9.7,HIGH
bb491091-bb47-44e0-bcc8-66afc27f19d6,ML Engineer,Precision Agriculture,92,71,-21,2,0.0,ACHIEVED
bb491091-bb47-44e0-bcc8-66afc27f19d6,ML Engineer,IoT Sensors,84,77,-7,1,0.0,ACHIEVED
bb491091-bb47-44e0-bcc8-66afc27f19d6,ML Engineer,Farm Management,1,77,76,5,12.7,HIGH
bb491091-bb47-44e0-bcc8-66afc27f19d6,ML Engineer,Python,59,85,26,5,4.3,MEDIUM
bb491091-bb47-44e0-bcc8-66afc27f19d6,ML Engineer,Machine Learning,46,62,16,5,2.7,LOW
bb491091-bb47-44e0-bcc8-66afc27f19d6,ML Engineer,SQL,11,83,72,5,12.0,HIGH
bb491091-bb47-44e0-bcc8-66afc27f19d6,ML Engineer,React,23,86,63,2,4.2,MEDIUM
bb491091-bb47-44e0-bcc8-66afc27f19d6,ML Engineer,FastAPI,40,71,31,3,3.1,MEDIUM
79ca75b4-c956-418a-bbe4-b9ab437763ae,Data Scientist,Soil Health,6,76,70,3,7.0,HIGH
79ca75b4-c956-418a-bbe4-b9ab437763ae,Data Scientist,Crop Science,9,67,58,2,3.9,MEDIUM
79ca75b4-c956-418a-bbe4-b9ab437763ae,Data Scientist,Irrigation Systems,20,68,48,5,8.0,HIGH
79ca75b4-c956-418a-bbe4-b9ab437763ae,Data Scientist,Pest Control,84,89,5,1,1.0,LOW
79ca75b4-c956-418a-bbe4-b9ab437763ae,Data Scientist,Data Analysis,51,66,15,4,2.0,LOW
79ca75b4-c956-418a-bbe4-b9ab437763ae,Data Scientist,Precision Agriculture,3,81,78,1,2.6,LOW
79ca75b4-c956-418a-bbe4-b9ab437763ae,Data Scientist,IoT Sensors,11,62,51,1,1.7,LOW
79ca75b4-c956-418a-bbe4-b9ab437763ae,Data Scientist,Farm Management,51,75,24,5,4.0,MEDIUM
79ca75b4-c956-418a-bbe4-b9ab437763ae,Data Scientist,Python,88,63,-25,5,0.0,ACHIEVED
79ca75b4-c956-418a-bbe4-b9ab437763ae,Data Scientist,Machine Learning,59,87,28,2,1.9,LOW
79ca75b4-c956-418a-bbe4-b9ab437763ae,Data Scientist,SQL,93,79,-14,5,0.0,ACHIEVED
79ca75b4-c956-418a-bbe4-b9ab437763ae,Data Scientist,React,54,87,33,4,4.4,MEDIUM
79ca75b4-c956-418a-bbe4-b9ab437763ae,Data Scientist,FastAPI,72,67,-5,2,0.0,ACHIEVED
5914842c-7ffc-41fb-ab0d-d040ee2f0a19,Agronomist,Soil Health,58,76,18,3,1.8,LOW
5914842c-7ffc-41fb-ab0d-d040ee2f0a19,Agronomist,Crop Science,28,71,43,1,1.4,LOW
5914842c-7ffc-41fb-ab0d-d040ee2f0a19,Agronomist,Irrigation Systems,38,66,28,2,1.9,LOW
5914842c-7ffc-41fb-ab0d-d040ee2f0a19,Agronomist,Pest Control,47,71,24,3,2.4,LOW
5914842c-7ffc-41fb-ab0d-d040ee2f0a19,Agronomist,Data Analysis,33,87,54,5,9.0,HIGH
5914842c-7ffc-41fb-ab0d-d040ee2f0a19,Agronomist,Precision Agriculture,7,85,78,1,2.6,LOW
5914842c-7ffc-41fb-ab0d-d040ee2f0a19,Agronomist,IoT Sensors,69,66,-3,5,0.0,ACHIEVED
5914842c-7ffc-41fb-ab0d-d040ee2f0a19,Agronomist,Farm Management,2,73,71,4,9.5,HIGH
5914842c-7ffc-41fb-ab0d-d040ee2f0a19,Agronomist,Python,57,88,31,1,1.0,LOW
5914842c-7ffc-41fb-ab0d-d040ee2f0a19,Agronomist,Machine Learning,73,61,-12,5,0.0,ACHIEVED
5914842c-7ffc-41fb-ab0d-d040ee2f0a19,Agronomist,SQL,55,64,9,4,1.2,LOW
5914842c-7ffc-41fb-ab0d-d040ee2f0a19,Agronomist,React,9,79,70,1,2.3,LOW
5914842c-7ffc-41fb-ab0d-d040ee2f0a19,Agronomist,FastAPI,62,86,24,1,1.0,LOW
d4ae7fad-5e1a-4420-9c07-7189d9c2ec66,Software Engineer,Soil Health,13,82,69,3,6.9,HIGH
d4ae7fad-5e1a-4420-9c07-7189d9c2ec66,Software Engineer,Crop Science,14,89,75,2,5.0,MEDIUM
d4ae7fad-5e1a-4420-9c07-7189d9c2ec66,Software Engineer,Irrigation Systems,57,70,13,3,1.3,LOW
d4ae7fad-5e1a-4420-9c07-7189d9c2ec66,Software Engineer,Pest Control,19,70,51,2,3.4,MEDIUM
d4ae7fad-5e1a-4420-9c07-7189d9c2ec66,Software Engineer,Data Analysis,83,71,-12,1,0.0,ACHIEVED
d4ae7fad-5e1a-4420-9c07-7189d9c2ec66,Software Engineer,Precision Agriculture,13,78,65,2,4.3,MEDIUM
d4ae7fad-5e1a-4420-9c07-7189d9c2ec66,Software Engineer,IoT Sensors,1,90,89,1,3.0,LOW
d4ae7fad-5e1a-4420-9c07-7189d9c2ec66,Software Engineer,Farm Management,20,75,55,4,7.3,HIGH
d4ae7fad-5e1a-4420-9c07-7189d9c2ec66,Software Engineer,Python,59,70,11,4,1.5,LOW
d4ae7fad-5e1a-4420-9c07-7189d9c2ec66,Software Engineer,Machine Learning,14,77,63,3,6.3,HIGH
d4ae7fad-5e1a-4420-9c07-7189d9c2ec66,Software Engineer,SQL,27,71,44,3,4.4,MEDIUM
d4ae7fad-5e1a-4420-9c07-7189d9c2ec66,Software Engineer,React,43,88,45,2,3.0,LOW
d4ae7fad-5e1a-4420-9c07-7189d9c2ec66,Software Engineer,FastAPI,80,85,5,3,1.0,LOW
1c9c4af2-0bb3-48b9-bf7c-4523825ff8dd,ML Engineer,Soil Health,100,82,-18,4,0.0,ACHIEVED
1c9c4af2-0bb3-48b9-bf7c-4523825ff8dd,ML Engineer,Crop Science,10,79,69,3,6.9,HIGH
1c9c4af2-0bb3-48b9-bf7c-4523825ff8dd,ML Engineer,Irrigation Systems,14,66,52,5,8.7,HIGH
1c9c4af2-0bb3-48b9-bf7c-4523825ff8dd,ML Engineer,Pest Control,40,87,47,2,3.1,MEDIUM
1c9c4af2-0bb3-48b9-bf7c-4523825ff8dd,ML Engineer,Data Analysis,18,87,69,5,11.5,HIGH
1c9c4af2-0bb3-48b9-bf7c-4523825ff8dd,ML Engineer,Precision Agriculture,91,76,-15,3,0.0,ACHIEVED
1c9c4af2-0bb3-48b9-bf7c-4523825ff8dd,ML Engineer,IoT Sensors,16,79,63,5,10.5,HIGH
1c9c4af2-0bb3-48b9-bf7c-4523825ff8dd,ML Engineer,Farm Management,36,66,30,3,3.0,LOW
1c9c4af2-0bb3-48b9-bf7c-4523825ff8dd,ML Engineer,Python,43,90,47,5,7.8,HIGH
1c9c4af2-0bb3-48b9-bf7c-4523825ff8dd,ML Engineer,Machine Learning,63,62,-1,5,0.0,ACHIEVED
1c9c4af2-0bb3-48b9-bf7c-4523825ff8dd,ML Engineer,SQL,93,73,-20,5,0.0,ACHIEVED
1c9c4af2-0bb3-48b9-bf7c-4523825ff8dd,ML Engineer,React,35,74,39,4,5.2,MEDIUM
1c9c4af2-0bb3-48b9-bf7c-4523825ff8dd,ML Engineer,FastAPI,42,68,26,3,2.6,LOW
b1866fd0-e399-46bd-9eb9-945161d91b42,Agronomist,Soil Health,73,86,13,5,2.2,LOW
b1866fd0-e399-46bd-9eb9-945161d91b42,Agronomist,Crop Science,93,74,-19,5,0.0,ACHIEVED
b1866fd0-e399-46bd-9eb9-945161d91b42,Agronomist,Irrigation Systems,12,72,60,1,2.0,LOW
b1866fd0-e399-46bd-9eb9-945161d91b42,Agronomist,Pest Control,64,76,12,1,1.0,LOW
b1866fd0-e399-46bd-9eb9-945161d91b42,Agronomist,Data Analysis,90,88,-2,2,0.0,ACHIEVED
b1866fd0-e399-46bd-9eb9-945161d91b42,Agronomist,Precision Agriculture,31,81,50,5,8.3,HIGH
b1866fd0-e399-46bd-9eb9-945161d91b42,Agronomist,IoT Sensors,60,66,6,2,1.0,LOW
b1866fd0-e399-46bd-9eb9-945161d91b42,Agronomist,Farm Management,54,64,10,4,1.3,LOW
b1866fd0-e399-46bd-9eb9-945161d91b42,Agronomist,Python,49,70,21,2,1.4,LOW
b1866fd0-e399-46bd-9eb9-945161d91b42,Agronomist,Machine Learning,60,60,0,3,0.0,ACHIEVED
b1866fd0-e399-46bd-9eb9-945161d91b42,Agronomist,SQL,30,78,48,4,6.4,HIGH
b1866fd0-e399-46bd-9eb9-945161d91b42,Agronomist,React,71,77,6,5,1.0,LOW
b1866fd0-e399-46bd-9eb9-945161d91b42,Agronomist,FastAPI,67,88,21,4,2.8,LOW
7c2493c2-25f2-48f6-a9ca-ce73fbcc069e,Farm Manager,Soil Health,31,65,34,5,5.7,MEDIUM
7c2493c2-25f2-48f6-a9ca-ce73fbcc069e,Farm Manager,Crop Science,23,67,44,5,7.3,HIGH
7c2493c2-25f2-48f6-a9ca-ce73fbcc069e,Farm Manager,Irrigation Systems,97,71,-26,4,0.0,ACHIEVED
7c2493c2-25f2-48f6-a9ca-ce73fbcc069e,Farm Manager,Pest Control,62,89,27,5,4.5,MEDIUM
7c2493c2-25f2-48f6-a9ca-ce73fbcc069e,Farm Manager,Data Analysis,19,69,50,2,3.3,MEDIUM
7c2493c2-25f2-48f6-a9ca-ce73fbcc069e,Farm Manager,Precision Agriculture,87,67,-20,3,0.0,ACHIEVED
7c2493c2-25f2-48f6-a9ca-ce73fbcc069e,Farm Manager,IoT Sensors,89,86,-3,5,0.0,ACHIEVED
7c2493c2-25f2-48f6-a9ca-ce73fbcc069e,Farm Manager,Farm Management,37,76,39,5,6.5,HIGH
7c2493c2-25f2-48f6-a9ca-ce73fbcc069e,Farm Manager,Python,96,79,-17,2,0.0,ACHIEVED
7c2493c2-25f2-48f6-a9ca-ce73fbcc069e,Farm Manager,Machine Learning,82,81,-1,3,0.0,ACHIEVED
7c2493c2-25f2-48f6-a9ca-ce73fbcc069e,Farm Manager,SQL,4,79,75,1,2.5,LOW
7c2493c2-25f2-48f6-a9ca-ce73fbcc069e,Farm Manager,React,71,72,1,1,1.0,LOW
7c2493c2-25f2-48f6-a9ca-ce73fbcc069e,Farm Manager,FastAPI,91,89,-2,2,0.0,ACHIEVED
3515c334-35ae-4fc8-849c-e786506aba6c,ML Engineer,Soil Health,42,78,36,3,3.6,MEDIUM
3515c334-35ae-4fc8-849c-e786506aba6c,ML Engineer,Crop Science,64,74,10,1,1.0,LOW
3515c334-35ae-4fc8-849c-e786506aba6c,ML Engineer,Irrigation Systems,34,70,36,2,2.4,LOW
3515c334-35ae-4fc8-849c-e786506aba6c,ML Engineer,Pest Control,56,70,14,1,1.0,LOW
3515c334-35ae-4fc8-849c-e786506aba6c,ML Engineer,Data Analysis,91,73,-18,4,0.0,ACHIEVED
3515c334-35ae-4fc8-849c-e786506aba6c,ML Engineer,Precision Agriculture,11,83,72,4,9.6,HIGH
3515c334-35ae-4fc8-849c-e786506aba6c,ML Engineer,IoT Sensors,58,87,29,1,1.0,LOW
3515c334-35ae-4fc8-849c-e786506aba6c,ML Engineer,Farm Management,48,80,32,2,2.1,LOW
3515c334-35ae-4fc8-849c-e786506aba6c,ML Engineer,Python,79,82,3,5,1.0,LOW
3515c334-35ae-4fc8-849c-e786506aba6c,ML Engineer,Machine Learning,92,79,-13,4,0.0,ACHIEVED
3515c334-35ae-4fc8-849c-e786506aba6c,ML Engineer,SQL,65,90,25,1,1.0,LOW
3515c334-35ae-4fc8-849c-e786506aba6c,ML Engineer,React,98,84,-14,5,0.0,ACHIEVED
3515c334-35ae-4fc8-849c-e786506aba6c,ML Engineer,FastAPI,8,76,68,1,2.3,LOW
bba81019-9e8f-4136-9554-4a4638c4e509,Farm Manager,Soil Health,87,71,-16,4,0.0,ACHIEVED
bba81019-9e8f-4136-9554-4a4638c4e509,Farm Manager,Crop Science,81,83,2,2,1.0,LOW
bba81019-9e8f-4136-9554-4a4638c4e509,Farm Manager,Irrigation Systems,90,87,-3,4,0.0,ACHIEVED
bba81019-9e8f-4136-9554-4a4638c4e509,Farm Manager,Pest Control,42,77,35,2,2.3,LOW
bba81019-9e8f-4136-9554-4a4638c4e509,Farm Manager,Data Analysis,91,72,-19,2,0.0,ACHIEVED
bba81019-9e8f-4136-9554-4a4638c4e509,Farm Manager,Precision Agriculture,82,89,7,4,1.0,LOW
bba81019-9e8f-4136-9554-4a4638c4e509,Farm Manager,IoT Sensors,74,75,1,3,1.0,LOW
bba81019-9e8f-4136-9554-4a4638c4e509,Farm Manager,Farm Management,83,80,-3,3,0.0,ACHIEVED
bba81019-9e8f-4136-9554-4a4638c4e509,Farm Manager,Python,30,68,38,1,1.3,LOW
bba81019-9e8f-4136-9554-4a4638c4e509,Farm Manager,Machine Learning,23,72,49,5,8.2,HIGH
bba81019-9e8f-4136-9554-4a4638c4e509,Farm Manager,SQL,53,69,16,3,1.6,LOW
bba81019-9e8f-4136-9554-4a4638c4e509,Farm Manager,React,89,85,-4,3,0.0,ACHIEVED
bba81019-9e8f-4136-9554-4a4638c4e509,Farm Manager,FastAPI,24,65,41,4,5.5,MEDIUM
6ea80173-f2d6-40fc-b1d2-322eb4a977eb,Data Scientist,Soil Health,39,78,39,2,2.6,LOW
6ea80173-f2d6-40fc-b1d2-322eb4a977eb,Data Scientist,Crop Science,57,90,33,5,5.5,MEDIUM
6ea80173-f2d6-40fc-b1d2-322eb4a977eb,Data Scientist,Irrigation Systems,66,72,6,3,1.0,LOW
6ea80173-f2d6-40fc-b1d2-322eb4a977eb,Data Scientist,Pest Control,43,74,31,5,5.2,MEDIUM
6ea80173-f2d6-40fc-b1d2-322eb4a977eb,Data Scientist,Data Analysis,35,72,37,2,2.5,LOW
6ea80173-f2d6-40fc-b1d2-322eb4a977eb,Data Scientist,Precision Agriculture,22,75,53,4,7.1,HIGH
6ea80173-f2d6-40fc-b1d2-322eb4a977eb,Data Scientist,IoT Sensors,99,79,-20,2,0.0,ACHIEVED
6ea80173-f2d6-40fc-b1d2-322eb4a977eb,Data Scientist,Farm Management,53,76,23,4,3.1,MEDIUM
6ea80173-f2d6-40fc-b1d2-322eb4a977eb,Data Scientist,Python,57,77,20,2,1.3,LOW
6ea80173-f2d6-40fc-b1d2-322eb4a977eb,Data Scientist,Machine Learning,80,64,-16,1,0.0,ACHIEVED
6ea80173-f2d6-40fc-b1d2-322eb4a977eb,Data Scientist,SQL,70,89,19,1,1.0,LOW
6ea80173-f2d6-40fc-b1d2-322eb4a977eb,Data Scientist,React,10,63,53,5,8.8,HIGH
6ea80173-f2d6-40fc-b1d2-322eb4a977eb,Data Scientist,FastAPI,38,72,34,1,1.1,LOW
